"Competitor","Brand","Type","Model","Price","Processor","RAM","Storage","Screen","Form Factor","Cosmetic Grade"
"DiscountPC","Dell","Desktop","OptiPlex 3050 SFF","99.99","i5 Gen 6","","","","SFF","N/A"
"PCLiquidations","Lenovo","Desktop","ThinkCentre M92P","99.99","Intel Core i5 (i5-3470T) 2.9GHz Dual Core Processor","8GB DDR3","256GB 2.5" SATA","","Tiny","N/A"
"PCLiquidations","Lenovo","Desktop","ThinkCentre M92P","99.99","Intel Core i5 (i5-3470T) 2.9GHz Dual Core Processor","8GB DDR3","256GB 2.5" SATA","","Tiny","N/A"
"PCLiquidations","Lenovo","Desktop","ThinkCentre M92P","99.99","Intel Core i5 (i5-3470T) 2.9GHz Dual Core Processor","8GB DDR3","256GB 2.5" SATA","","Tiny","N/A"
"PCLiquidations","Lenovo","Desktop","ThinkCentre M92P","99.99","Intel Core i5 (i5-3470T) 2.9GHz Dual Core Processor","8GB DDR3","256GB 2.5" SATA","","Tiny","N/A"
"PCLiquidations","Lenovo","Desktop","ThinkCentre M92P","99.99","Intel Core i5 (i5-3470T) 2.9GHz Dual Core Processor","8GB DDR3","256GB 2.5" SATA","","Tiny","N/A"
"PCLiquidations","Lenovo","Desktop","ThinkCentre M93p","129.99","Intel Core i5 (i5-4570T) 2.9GHz - 3.60GHz Max Dual Core Processor","8GB DDR3","256GB 2.5" SATA SSD","","Tiny","N/A"
"PCLiquidations","Lenovo","Desktop","ThinkCentre M93p","129.99","Intel Core i5 (i5-4570T) 2.9GHz - 3.60GHz Max Dual Core Processor","8GB DDR3","256GB 2.5" SATA SSD","","Tiny","N/A"
"PCLiquidations","Lenovo","Desktop","ThinkCentre M93p","129.99","Intel Core i5 (i5-4570T) 2.9GHz - 3.60GHz Max Dual Core Processor","8GB DDR3","256GB 2.5" SATA SSD","","Tiny","N/A"
"PCLiquidations","Lenovo","Desktop","ThinkCentre M93p","129.99","Intel Core i5 (i5-4570T) 2.9GHz - 3.60GHz Max Dual Core Processor","8GB DDR3","256GB 2.5" SATA SSD","","Tiny","N/A"
"PCLiquidations","Lenovo","Desktop","ThinkCentre M93p","129.99","Intel Core i5 (i5-4570T) 2.9GHz - 3.60GHz Max Dual Core Processor","8GB DDR3","256GB 2.5" SATA SSD","","Tiny","N/A"
"PCLiquidations","Dell","Desktop","OptiPlex 3050","139.95","Intel i3-7100T 3.4GHz","8GB DDR4","256GB M.2 SSD","","Micro","N/A"
"PCLiquidations","Dell","Desktop","OptiPlex 3050","139.95","Intel i3-7100T 3.4GHz","8GB DDR4","256GB M.2 SSD","","Micro","N/A"
"PCLiquidations","Dell","Desktop","OptiPlex 3050","139.95","Intel i3-7100T 3.4GHz","8GB DDR4","256GB M.2 SSD","","Micro","N/A"
"PCLiquidations","Dell","Desktop","OptiPlex 3050","139.95","Intel i3-7100T 3.4GHz","8GB DDR4","256GB M.2 SSD","","Micro","N/A"
"PCLiquidations","Dell","Desktop","OptiPlex 3050 Micro","139.95","Intel i3-7100T 3.4GHz","8GB DDR4","256GB M.2 SSD","","Micro","N/A"
"PCLiquidations","Dell","Desktop","OptiPlex 3050","139.95","Intel i3-7100T 3.4GHz","8GB DDR4","256GB M.2 SSD","","Micro","N/A"
"PCLiquidations","Dell","Desktop","OptiPlex 3050 Micro","139.95","Intel i3-7100T 3.4GHz","8GB DDR4","256GB M.2 SSD","","Micro","N/A"
"PCLiquidations","Dell","Desktop","OptiPlex 3050","139.95","Intel i3-7100T 3.4GHz","8GB DDR4","256GB M.2 SSD","","Micro","N/A"
"PCLiquidations","Dell","Desktop","OptiPlex 3050","139.95","Intel i3-7100T 3.4GHz","8GB DDR4","256GB M.2 SSD","","Micro","N/A"
"PCLiquidations","Dell","Desktop","OptiPlex 3050","139.95","Intel i3-7100T 3.4GHz","8GB DDR4","256GB M.2 SSD","","Micro","N/A"
"SystemLiquidation","Dell","Desktop","OptiPlex 7040","149","Intel Core i5-6500T 2.5GHz","8GB","256GB SSD","","Micro","Grade A"
"PCLiquidations","Lenovo","Desktop","ThinkCentre M93p","154.95","Intel Core i5 (i5-4570T) 2.9GHz - 3.60GHz Max Dual Core","","","","Tiny","N/A"
"PCLiquidations","Lenovo","Desktop","ThinkCentre M93p","154.95","Intel Core i5 (i5-4570T) 2.9GHz - 3.60GHz Max Dual","","","","Tiny","N/A"
"PCLiquidations","Lenovo","Desktop","ThinkCentre M93p","154.95","Intel Core i5 (i5-4570T) 2.9GHz - 3.60GHz Max Dual","","","","Tiny","N/A"
"PCLiquidations","Lenovo","Desktop","ThinkCentre M93p","154.95","Intel Core i5 (i5-4570T) 2.9GHz - 3.60GHz Max Dual Core","","","","Tiny","N/A"
"PCLiquidations","Lenovo","Desktop","ThinkCentre M93p","154.95","Intel Core i5 (i5-4570T) 2.9GHz - 3.60GHz Max Dual","","","","Tiny","N/A"
"SystemLiquidation","HP","Desktop","EliteDesk 800 G2","155","Intel Core i5-6400T 2.2GHz","16GB","256GB SSD","","Mini","Grade A"
"SystemLiquidation","Lenovo","Desktop","ThinkCentre M710Q","165","Intel Core i5-6500T, 2.8GHz","8GB","256GB SSD","","Tiny","Grade A"
"SystemLiquidation","Lenovo","Desktop","ThinkCentre M900","165","Intel core i5-6500, 3.2GHz","8GB","256GB SSD","","SFF","Grade A"
"SystemLiquidation","Lenovo","Desktop","ThinkCentre M900","165","Intel core i5-6500, 3.2GHz","8GB","256GB SSD","","SFF","Grade A"
"SystemLiquidation","Dell","Desktop","OptiPlex 3040","169","Intel Core i5-6500, 3.2GHz","16GB RAM","256GB SSD","","SFF","Grade A"
"SystemLiquidation","HP","Desktop","ProDesk 400 G4","169","Intel Core i5-6500, 3.2GHz","8GB","256GB SSD","","SFF","Grade A"
"SystemLiquidation","Dell","Desktop","OptiPlex 7050","175","Intel Core i5-6500, 3.2GHz","16GB RAM","256GB SSD","","SFF","Grade A"
"SystemLiquidation","Dell","Desktop","OptiPlex 7040","175","Intel Core i5-6600T, 2.70GHz","16GB RAM","512GB SSD","","Micro","Grade A"
"SystemLiquidation","Lenovo","Desktop","ThinkCentre M710","175","Intel Core i5-6400, 1.90GHz","8GB","256GB SSD","","SFF","Grade A"
"SystemLiquidation","Dell","Desktop","OptiPlex 3040","175","Intel Core i5-6500T, 2.50GHz","16GB","256GB SSD","","Micro","Grade A"
"SystemLiquidation","HP","Laptop","EliteBook 820 G3","175","Intel Core i5-6200U, 2.3 GHz","8GB RAM","256GB SSD","","","Grade A"
"SystemLiquidation","Dell","Desktop","OptiPlex 3040","185","Intel Core i5-6500, 3.2GHz","16GB","512GB SSD","","SFF","Grade A"
"SystemLiquidation","Lenovo","Desktop","ThinkCentre M715Q","185","AMD PRO-A10-7350B, 2.10 GHz","16GB RAM","512GB SSD","","Tiny","Grade A"
"SystemLiquidation","Dell","Laptop","Latitude 7370","185","Intel Core M7-6Y75, 1.20GHz","8GB","256GB SSD","","","Grade A"
"SystemLiquidation","Dell","Desktop","OptiPlex 7050","189","Intel Core i5-6500, 3.2GHz","16GB","512GB SSD","","SFF","Grade A"
"SystemLiquidation","Dell","Laptop","Latitude 5280","189","Intel Core i5-7300U, 2.6GHz","8GB RAM","256GB SSD","","","Grade A"
"SystemLiquidation","HP","Desktop","EliteDesk 800 G3","195","Intel Core i5-6500T, 2.5GHz","16GB RAM","512GB SSD","","Mini","Grade A"
"SystemLiquidation","Dell","Desktop","OptiPlex 7040","195","Intel Core i5-6500T 2.50GHz","16GB","1TB SSD","","Micro","Grade A"
"SystemLiquidation","Dell","Desktop","OptiPlex 7050","195","Intel Core i5-6500T, 2.5GHz","8GB RAM","256GB SSD","","Micro","Grade A"
"SystemLiquidation","Lenovo","Desktop","ThinkCentre M900","195","Intel Core i5-6500T, 2.5GHz","8GB","256GB SSD","","Tiny","Grade A"
"SystemLiquidation","Lenovo","Desktop","ThinkCentre M900","195","Intel Core i5-6500T, 2.5GHz","8GB","256GB SSD","","Tiny","Grade A"
"SystemLiquidation","Dell","Desktop","OptiPlex 7050","199","Intel Core i5-7500T, 2.5GHz","8GB RAM","256GB SSD","","Micro","Grade A"
"SystemLiquidation","Dell","Desktop","OptiPlex 3420","199","Intel i5-6500, 3.2GHz","16GB RAM","512GB SSD","","SFF","Grade A"
"SystemLiquidation","HP","Desktop","ProDesk 600 G2","199","Intel Core i5-6400T, 2.2GHz","16GB","512GB SSD","","Mini","Grade A"
"SystemLiquidation","Lenovo","Laptop","T460","199","Intel Core i5-6300U","8GB","256GB SSD","","","Grade A"
"SystemLiquidation","Dell","Laptop","Latitude 7370","199","Intel Core M5-6Y54, 1.10GHz","8GB","256GB SSD","","","Grade A"
"DiscountPC","Dell","Laptop","Latitude 5300","199.99","i5 gen 8","","","","","N/A"
"SystemLiquidation","HP","Desktop","ProDesk 600 G3","205","Intel Core i5-6400T, 2.2GHz","8GB","256GB SSD","","Mini","Grade A"
"SystemLiquidation","Lenovo","Desktop","ThinkCentre M720Q","209","Intel Core i5-8400T (8th Gen)","8GB","256GB SSD","","Tiny","Grade A"
"SystemLiquidation","Dell","Desktop","OptiPlex 7050","209","Intel Core i7-6700, 3.4GHz","16GB","256GB SSD","","SFF","Grade A"
"SystemLiquidation","Lenovo","Laptop","T470","215","Intel Core i5-6300U, 2.4 GHz","8GB","256GB SSD","","","Grade A"
"SystemLiquidation","Lenovo","Laptop","T460","215","Intel Core i5-6300U","12GB","256GB SSD","","","Grade A"
"SystemLiquidation","Dell","Laptop","Latitude 5290","215","Intel Core i5-8250U, 1.60GHz","8GB","256GB SSD","","","Grade A"
"SystemLiquidation","HP","Desktop","EliteDesk 800 G2","219","Intel Core i7-6700, 3.40GHz","16GB RAM","256GB SSD","","Tower","Grade A"
"SystemLiquidation","Dell","Desktop","OptiPlex 7050","219","Intel Core i5-6500, 3.2GHz","32GB","512GB SSD","","SFF","Grade A"
"SystemLiquidation","Lenovo","Laptop","ThinkPad T460","219","Intel Core i5-6300U, 2.4GHz","8GB RAM","512GB SSD","","","Grade A"
"SystemLiquidation","Dell","Laptop","Latitude 7390","219","Intel Core i5-8350U, 1.70GHz","8GB","256GB SSD","","","Grade A"
"SystemLiquidation","Lenovo","Desktop","ThinkCentre M720Q","225","Intel Core i5-8500T, 2.1GHz","16GB","256GB SSD","","Tiny","Grade A"
"SystemLiquidation","Lenovo","Desktop","ThinkCentre M720Q","225","Intel Core i5-8500T","16GB","256GB SSD","","Tiny","Grade A"
"SystemLiquidation","Lenovo","Desktop","ThinkCentre M710Q","225","Intel Core i5-6400T","32GB","512GB SSD","","Tiny","Grade A"
"SystemLiquidation","Dell","Desktop","OptiPlex 7050","225","Intel Core i7-6700, 3.4GHz","16GB","512GB SSD","","SFF","Grade A"
"SystemLiquidation","Dell","Desktop","OptiPlex 3050","225","Intel Core i5-6500T, 2.5GHz","16GB","512GB SSD","","Micro","Grade A"
"SystemLiquidation","Dell","Laptop","Latitude 5300","225","Intel Core i5-8265U, 1.60GHz","16GB","256GB SSD","","","Grade A"
"SystemLiquidation","Dell","Desktop","OptiPlex 7050","229","Intel Core i5-7500T, 2.5GHz","16GB","512GB SSD","","Micro","Grade A"
"SystemLiquidation","Lenovo","Laptop","T470s","229","Intel Core i5-6300U, 2.4GHz","12GB","256GB SSD","","","Grade A"
"SystemLiquidation","Lenovo","Laptop","T460","229","Intel Core i5-6300U","16GB","512GB SSD","","","Grade A"
"PCLiquidations","Dell","Laptop","Latitude 3500","234.99","Intel i5-8265U 1.6GHz","","","1366 x 768 (HD)","","N/A"
"PCLiquidations","Dell","Laptop","Latitude 3500","234.99","Intel i5-8265U 1.6GHz","","","1366 x 768 (HD)","","N/A"
"PCLiquidations","Dell","Laptop","Latitude 3500","234.99","Intel i5-8265U 1.6GHz","","","1366 x 768 (HD)","","N/A"
"PCLiquidations","Dell","Laptop","Latitude 3500","234.99","Intel i5-8265U 1.6GHz","","","1366 x 768 (HD)","","N/A"
"PCLiquidations","Dell","Laptop","Latitude 3500","234.99","Intel i5-8265U 1.6GHz","","","1366 x 768 (HD)","","N/A"
"SystemLiquidation","Lenovo","Laptop","T470","235","Intel Core i5-6300U, 2.4 GHz","16GB","256GB NVMe","","","Grade A"
"SystemLiquidation","Lenovo","Laptop","T470","235","Intel Core i5-6300U","16GB","256GB NVMe","","","Grade A"
"SystemLiquidation","Lenovo","Desktop","ThinkCentre M720Q","239","Intel Core i5-8400T, 1.7GHz","16GB","512GB SSD","","Tiny","Grade A"
"SystemLiquidation","HP","Desktop","EliteDesk 800 G2","239","Intel Core i7-6700T, 2.8GHz","16GB","512GB SSD","","Mini","Grade A"
"SystemLiquidation","Dell","Desktop","OptiPlex 7040","245","Intel Core i7-6700 3.4GHz","16GB","512GB SSD","","SFF","Grade A"
"SystemLiquidation","Lenovo","Desktop","ThinkCentre M910T","245","Intel Core i7-6700, 3.4GHz","16GB RAM","256GB SSD","","Tower","Grade A"
"SystemLiquidation","HP","Desktop","Z240","245","Intel Core i5-6500, 3.2GHz","16GB","256GB SSD","","Tower","Grade A"
"SystemLiquidation","Dell","Laptop","7490","245","Intel Core i5-8350U, 1.6GHz","16GB","256GB M2 SSD","","","Grade A"
"SystemLiquidation","Dell","Desktop","Precision 3620","249","Intel Core i7-6700, 3.4GHz","16GB RAM","512GB SSD","","Tower","Grade A"
"SystemLiquidation","Dell","Desktop","OptiPlex 7050","249","Intel Core i7-7700, 3.6GHz","16GB RAM","512GB SSD","","Micro","Grade A"
"SystemLiquidation","Lenovo","Desktop","ThinkCentre M720Q","249","Intel Core i5-9500T, 2.2GHz","16GB","256GB NVMe SSD","","Tiny","Grade A"
"SystemLiquidation","Lenovo","Desktop","ThinkCentre M715Q","249","AMD PRO-A10-7350B, 2.10 GHz","32GB","1TB SSD","","Tiny","Grade A"
"PCLiquidations","Dell","Desktop","OptiPlex 3070","249.99","Intel i5-9500T 2.2GHz","8GB DDR4","256GB 2.5" SATA SSD","","Micro","N/A"
"PCLiquidations","Dell","Desktop","OptiPlex 3070","249.99","Intel i5-9500T 2.2GHz","8GB DDR4","256GB 2.5" SATA SSD","","Micro","N/A"
"PCLiquidations","Dell","Desktop","OptiPlex 3070","249.99","Intel i5-9500T 2.2GHz","8GB DDR4","256GB 2.5" SATA SSD","","Micro","N/A"
"PCLiquidations","Dell","Desktop","OptiPlex 3070","249.99","Intel i5-9500T 2.2GHz","8GB DDR4","256GB 2.5" SATA SSD","","Micro","N/A"
"PCLiquidations","Dell","Desktop","OptiPlex 3070","249.99","Intel i5-9500T 2.2GHz","8GB DDR4","256GB 2.5" SATA SSD","","Micro","N/A"
"SystemLiquidation","Dell","Desktop","OptiPlex 7050","255","Intel Core i7-6700, 3.4GHz","32GB RAM","512GB SSD","","SFF","Grade A"
"SystemLiquidation","Lenovo","Desktop","ThinkCentre M900","255","Inter Core i7-6700, 3.4GHz","16GB","512 SSD","","Tower","Grade A"
"SystemLiquidation","Dell","Desktop","OptiPlex 7040","255","Intel Core i7-6700","32GB","512GB SSD","","SFF","Grade A"
"SystemLiquidation","Dell","Desktop","OptiPlex 5040","255","Intel Core i7-6700, 3.40GHz","16GB","256GB SSD","","Tower","Grade A"
"SystemLiquidation","Lenovo","Desktop","ThinkCentre M800","255","Intel Core i7-6700, 3.4GHz","16GB","512GB SSD","","SFF","Grade A"
"SystemLiquidation","HP","Desktop","EliteDesk 800 G3","255","Intel Core i5-6500, 3.2GHz","32GB","1TB SSD","","Mini","Grade A"
"SystemLiquidation","HP","Laptop","840 G5","255","Intel Core i7-8650U, 1.9GHz","16GB","256GB SSD","","","Grade A"
"PCLiquidations","Dell","Desktop","OptiPlex 3060","256.99","Intel i5-8400 2.8GHz","8GB DDR4","256GB SSD","","SFF","N/A"
"PCLiquidations","Dell","Desktop","OptiPlex 3060","256.99","Intel i5-8400 2.8GHz","8GB DDR4","256GB SSD","","SFF","N/A"
"PCLiquidations","Dell","Desktop","OptiPlex 3060","256.99","Intel i5-8400 2.8GHz","8GB DDR4","256GB SSD","","SFF","N/A"
"PCLiquidations","Dell","Desktop","OptiPlex 3060","256.99","Intel i5-8400 2.8GHz","8GB DDR4","256GB SSD","","SFF","N/A"
"PCLiquidations","Dell","Desktop","OptiPlex 3060","256.99","Intel i5-8400 2.8GHz","8GB DDR4","256GB SSD","","SFF","N/A"
"SystemLiquidation","Dell","Desktop","OptiPlex 7050","259","Intel core i7-6700T, 2.8GHz","16GB","256GB SSD","","Micro","Grade A"
"SystemLiquidation","Lenovo","Desktop","ThinkCentre M710","259","Intel Core i7-6700, 3.40GHz","32GB RAM","512GB SSD","","SFF","Grade A"
"SystemLiquidation","Lenovo","Desktop","ThinkCentre M910T","259","Intel Core i7-6700, 3.4GHz","16GB","512GB SSD","","Tower","Grade A"
"SystemLiquidation","Dell","Laptop","Latitude 7490","259","Intel Core i5-8350U","16GB","512GB SSD","","","Grade A"
"SystemLiquidation","Dell","Laptop","Latitude 5400","259","Intel Core i5-8265U, 1.60GHz","16GB","256GB SSD","","","Grade A"
"SystemLiquidation","Lenovo","Laptop","ThinkPad T490","265","Intel Core i5-8250U, 1.60GHz","8GB","256GB SSD","","","Grade A"
"SystemLiquidation","HP","Desktop","EliteDesk 800 G5 Mini","269","Intel Core i5-9500T, 2.2GHz","16GB RAM","256GB SSD","","Mini","Grade A"
"SystemLiquidation","Dell","Laptop","Latitude 5490","269","Intel core i5-8350U, 1.7GHz","8GB","256GB SSD","","","Grade A"
"DiscountPC","Dell","Laptop","Latitude 5495","269.99","Ryzen 5","","","","","N/A"
"SystemLiquidation","Dell","Desktop","OptiPlex 7050","275","Intel Core i7-6700T","16GB","512GB SSD","","Micro","Grade A"
"SystemLiquidation","Lenovo","Desktop","ThinkCentre M720Q","275","Intel Core i5-9500T, 2.2GHz","16GB","512GB NVMe SSD","","Tiny","Grade A"
"SystemLiquidation","HP","Laptop","Elitebook 840 G5","275","Intel Core i7-8650U","16GB","512GB SSD","","","Grade A"
"SystemLiquidation","Dell","Desktop","OptiPlex 7050","279","Intel Core i7-6700, 3.4GHz","32GB","1TB SSD","","SFF","Grade A"
"SystemLiquidation","Lenovo","Laptop","T490","279","Intel Core i5-8365U","16GB","256GB M2 SSD","","","Grade A"
"SystemLiquidation","Dell","Laptop","Latitude 5400","279","Intel Core i5-8365U","16GB","512GB SSD","","","Grade A"
"SystemLiquidation","Lenovo","Laptop","ThinkPad X1 Carbon G6","279","Intel Core i5-8350U, 1.70GHz","8GB","256GB SSD","","","Grade A"
"SystemLiquidation","HP","Desktop","ProDesk 600G4","285","Intel Core i5-8500, 3.0GHz","16GB","256GB SSD","","Tower","Grade A"
"SystemLiquidation","Dell","Desktop","OptiPlex 7050","285","Intel Core i7-6700, 3.4GHz","16GB","512GB SSD","","Tower","Grade A"
"SystemLiquidation","Dell","Laptop","latitude 5490","285","Intel Core i5-8350U, 1.70GHz","16GB","256GB M2 SSD","","","Grade A"
"DiscountPC","Dell","Laptop","Latitude 5490","285.95","i5 Gen 8","","","","","N/A"
"SystemLiquidation","HP","Desktop","Z240","289","Intel Core i7-6700, 3.4GHz","32GB RAM","512GB SSD","","Tower","Grade A"
"SystemLiquidation","Lenovo","Desktop","ThinkCentre M720Q","289","Intel Core i7-8700T, 2.4GHz","16GB","512GB SSD","","Tiny","Grade A"
"SystemLiquidation","Dell","Desktop","OptiPlex 3070","289","Intel Core i5-9500T, 2.2GHz","8GB","256GB SSD","","Micro","Grade A"
"DiscountPC","Lenovo","Laptop","ThinkPad T490","289.99","i5 Gen 8","8GB RAM","","","","Grade B"
"PCLiquidations","Dell","Desktop","OptiPlex 5060","289.99","Intel i5-8500 3.0GHz","8GB DDR4","256GB NVMe SSD","","SFF","N/A"
"PCLiquidations","Dell","Desktop","OptiPlex 5060","289.99","Intel i5-8500 3.0GHz","8GB DDR4","256GB NVMe SSD","","SFF","N/A"
"PCLiquidations","Dell","Desktop","OptiPlex 5060","289.99","Intel i5-8500 3.0GHz","8GB DDR4","256GB NVMe SSD","","SFF","N/A"
"PCLiquidations","Dell","Desktop","OptiPlex 5060","289.99","Intel i5-8500 3.0GHz","8GB DDR4","256GB NVMe SSD","","SFF","N/A"
"PCLiquidations","Dell","Desktop","OptiPlex 5060","289.99","Intel i5-8500 3.0GHz","8GB DDR4","256GB NVMe SSD","","SFF","N/A"
"PCLiquidations","HP","Desktop","EliteDesk 705 G4","293.99","AMD Ryzen 5 Pro 2400GE Processor, 3.2 GHz","8GB DDR4","256GB SSD","","Mini","N/A"
"PCLiquidations","HP","Desktop","EliteDesk 705 G4","293.99","AMD Ryzen 5 Pro 2400GE Processor, 3.2 GHz","8GB DDR4","256GB SSD","","Mini","N/A"
"PCLiquidations","HP","Desktop","EliteDesk 705 G4","293.99","AMD Ryzen 5 Pro 2400GE Processor, 3.2 GHz","8GB DDR4","256GB SSD","","Mini","N/A"
"PCLiquidations","HP","Desktop","EliteDesk 705 G4","293.99","AMD Ryzen 5 Pro 2400GE Processor, 3.2 GHz","8GB DDR4","256GB SSD","","Mini","N/A"
"PCLiquidations","HP","Desktop","EliteDesk 705 G4","293.99","AMD Ryzen 5 Pro 2400GE Processor, 3.2 GHz","8GB DDR4","256GB SSD","","Mini","N/A"
"SystemLiquidation","Dell","Desktop","OptiPlex 5050","295","Intel i7-7700, 3.6GHz","16GB RAM","512GB SSD","","SFF","Grade A"
"DiscountPC","Dell","Laptop","Latitude 7400","295.99","i5 Gen 8","16GB RAM","","","","Grade B"
"DiscountElectronics","Lenovo","Unknown","ThinkCentre M70Q","299","Quad Core","","","","Tiny Desktop PC","N/A"
"SystemLiquidation","Dell","Desktop","OptiPlex 7050","299","Intel Core i7-7700, 3.4GHz","32GB","1TB SSD","","SFF","Grade A"
"SystemLiquidation","Dell","Desktop","OptiPlex 7050","299","Intel Core i7-6700T","16GB","1TB SSD","","Micro","Grade A"
"SystemLiquidation","Lenovo","Desktop","ThinkCentre M800","299","Intel Core i7-6700 3.4GHz","32GB","1TB SSD","","SFF","Grade A"
"SystemLiquidation","Lenovo","Laptop","T490","299","Intel Core i5-8265U, 1.60GHz","16GB","512GB M2 SSD","","","Grade A"
"SystemLiquidation","Dell","Laptop","Latitude 5400","299","Intel Core i5-8265U","16GB","512GB SSD","","","Grade A"
"SystemLiquidation","Lenovo","Laptop","T490","299","Intel Core i5-8265U","16GB","512GB M2 SSD","","","Grade A"
"SystemLiquidation","Dell","Laptop","Latitude 5490","299","Intel core i5-8350U, 1.7GHz","16GB","512GB SSD","","","Grade A"
"SystemLiquidation","Dell","Laptop","Latitude 5490","299","Intel Core i5-8350U, 1.70GHz","16GB","256GB SSD","","","Grade A"
"SystemLiquidation","Dell","Laptop","latitude 5490","299","Intel Core i5-8350U, 1.70GHz","16GB","256GB SSD","","","Grade A"
"DiscountPC","Dell","Desktop","OptiPlex 3070 Micro","299.95","i5 Gen 8","","","","Micro","Grade C"
"PCLiquidations","Dell","Desktop","OptiPlex 3070","299.99","Intel i5-9500T 2.2GHz","8GB DDR4","256GB NVMe SSD","","Micro","N/A"
"PCLiquidations","Dell","Desktop","OptiPlex 3070","299.99","Intel i5-9500T 2.2GHz","8GB DDR4","256GB NVMe SSD","","Micro","N/A"
"PCLiquidations","Dell","Desktop","OptiPlex 3070","299.99","Intel i5-9500T 2.2GHz","8GB DDR4","256GB NVMe SSD","","Micro","N/A"
"PCLiquidations","Dell","Desktop","OptiPlex 3070","299.99","Intel i5-9500T 2.2GHz","8GB DDR4","256GB NVMe SSD","","Micro","N/A"
"PCLiquidations","Dell","Desktop","OptiPlex 3070","299.99","Intel i5-9500T 2.2GHz","8GB DDR4","256GB NVMe SSD","","Micro","N/A"
"SystemLiquidation","HP","Desktop","Z440","305","Intel Xeon E5-1630, 3.70 GHz","32GB RAM","2TB HDD","","Tower","Grade A"
"SystemLiquidation","Lenovo","Desktop","ThinkCentre M720Q","305","Intel Core i5-9500T, 2.2GHz","32GB","512GB NVMe SSD","","Tiny","Grade A"
"SystemLiquidation","Lenovo","Desktop","ThinkCentre M720Q","305","Intel Core i5-9500T","32GB","512GB NVMe SSD","","Tiny","Grade A"
"SystemLiquidation","Dell","Laptop","Latitude 5300","305","Intel Core i7-8665U, 1.90GHz","16GB RAM","512GB SSD","","","Grade A"
"DiscountPC","Lenovo","Laptop","ThinkPad T490","305.99","i5 Gen 8","16GB RAM","","","","N/A"
"DiscountPC","Dell","Desktop","OptiPlex 3060 Micro","305.99","i5 Gen 8","","","","Micro","N/A"
"SystemLiquidation","Dell","Desktop","Precision 3620","309","Intel Core i7-6700, 3.4GHz","32GB","1TB SSD","","Tower","Grade A"
"SystemLiquidation","HP","Desktop","ProDesk 600G4","309","Intel Core i7-8700, 3.2GHz","32GB","1TB SSD","","Tower","Grade A"
"PCLiquidations","Lenovo","Laptop","ThinkBook 13s G2 ITL","309.96","Intel i7-1165G7 2.8GHz","","","2560 x 1600 (WQXGA)","","N/A"
"PCLiquidations","Lenovo","Laptop","ThinkBook 13s G2 ITL","309.96","Intel i7-1165G7 2.8GHz","","","2560 x 1600 (WQXGA)","","N/A"
"PCLiquidations","Lenovo","Laptop","ThinkBook 13s G2 ITL","309.96","Intel i7-1165G7 2.8GHz","","","2560 x 1600 (WQXGA)","","N/A"
"PCLiquidations","Lenovo","Laptop","ThinkBook 13s G2 ITL","309.96","Intel i7-1165G7 2.8GHz","","","2560 x 1600 (WQXGA)","","N/A"
"PCLiquidations","Lenovo","Laptop","ThinkBook 13s G2 ITL","309.96","Intel i7-1165G7 2.8GHz","","","2560 x 1600 (WQXGA)","","N/A"
"PCLiquidations","Dell","Desktop","Optiplex 7060","311.97","Intel Core i5 (8500T) 2.1GHz","8GB DDR4","256GB SSD","","Micro","N/A"
"PCLiquidations","Dell","Desktop","Optiplex 7060","311.97","Intel Core i5 (8500T) 2.1GHz","8GB DDR4","256GB SSD","","Micro","N/A"
"PCLiquidations","Dell","Desktop","Optiplex 7060","311.97","Intel Core i5 (8500T) 2.1GHz","8GB DDR4","256GB SSD","","Micro","N/A"
"PCLiquidations","Dell","Desktop","OptiPlex 7060","311.97","Intel Core i5 (8500T) 2.1GHz","8GB DDR4","256GB SSD","","Micro","N/A"
"PCLiquidations","Dell","Desktop","OptiPlex 7060","311.97","Intel Core i5 (8500T) 2.1GHz","8GB DDR4","256GB SSD","","Micro","N/A"
"PCLiquidations","HP","Desktop","EliteDesk 800 G5","312","Intel i5-9500T 2.2 GHz","8GB DDR4","256GB M.2 SSD","","Mini","N/A"
"PCLiquidations","HP","Desktop","EliteDesk 800 G5","312","Intel i5-9500T 2.2 GHz","8GB DDR4","256GB M.2 SSD","","Mini","N/A"
"PCLiquidations","HP","Desktop","EliteDesk 800 G5","312","Intel i5-9500T 2.2 GHz","8GB DDR4","256GB M.2 SSD","","Mini","N/A"
"PCLiquidations","HP","Desktop","EliteDesk 800 G5","312","Intel i5-9500T 2.2 GHz","8GB DDR4","256GB M.2 SSD","","Mini","N/A"
"PCLiquidations","HP","Desktop","EliteDesk 800 G5","312","Intel i5-9500T 2.2 GHz","8GB DDR4","256GB M.2 SSD","","Mini","N/A"
"PCLiquidations","HP","Desktop","EliteDesk 800 G5","312","Intel i5-9500T 2.2 GHz","8GB DDR4","256GB M.2 SSD","","Mini","N/A"
"PCLiquidations","HP","Desktop","EliteDesk 800 G5","312","Intel i5-9500T 2.2 GHz","8GB DDR4","256GB M.2 SSD","","Mini","N/A"
"PCLiquidations","HP","Desktop","EliteDesk 800 G5","312","Intel i5-9500T 2.2 GHz","8GB DDR4","256GB M.2 SSD","","Mini","N/A"
"PCLiquidations","HP","Desktop","EliteDesk 800 G5","312","Intel i5-9500T 2.2 GHz","8GB DDR4","256GB M.2 SSD","","Mini","N/A"
"PCLiquidations","HP","Desktop","EliteDesk 800 G5","312","Intel i5-9500T 2.2 GHz","8GB DDR4","256GB M.2 SSD","","Mini","N/A"
"SystemLiquidation","Dell","Laptop","Latitude 5401","315","Intel Core i5-9400H, 2.50GHz","16GB","512GB SSD","","","Grade A"
"DiscountPC","Dell","Desktop","OptiPlex 7060 SFF","315.99","i5 Gen 8","","","","SFF","N/A"
"SystemLiquidation","Lenovo","Desktop","ThinkCentre M720Q","319","Intel Core i7-8700T, 2.4GHz","32GB RAM","512GB SSD","","Tiny","Grade A"
"SystemLiquidation","Dell","Desktop","OptiPlex 7050","319","Intel Core i7-6700, 3.4GHz","32GB","512GB SSD","","Tower","Grade A"
"SystemLiquidation","Dell","Desktop","OptiPlex 5040","319","Intel Core i7-6700","32GB","1TB SSD","","Tower","Grade A"
"SystemLiquidation","Dell","Desktop","OptiPlex 3060","319","Intel Core i5-8500T, 2.1GHz","32GB RAM","256GB NVMe","","Micro Desktop","Grade A"
"SystemLiquidation","Dell","Desktop","OptiPlex XE3","319","Intel Core i7-8700, 3.20GHz","16GB","256GB SSD","","SFF","Grade A"
"SystemLiquidation","Lenovo","Laptop","ThinkPad X380","319","Intel Core i7-8650U, 1.90GHz","8GB RAM","256GB SSD","","","Grade A"
"PCLiquidations","Lenovo","Desktop","ThinkCentre M920Q","319.99","Intel i5-8500T 2.10GHz","8GB DDR4","256GB 2.5" SATA SSD","","Tiny","N/A"
"PCLiquidations","Dell","Desktop","OptiPlex 3070","319.99","Intel Core i5-8500T Processor, 2.1GHz","8GB DDR4","256GB NVMe SSD","","Micro","N/A"
"PCLiquidations","Lenovo","Desktop","ThinkCentre M920Q","319.99","Intel i5-8500T 2.10GHz","8GB DDR4","256GB 2.5" SATA SSD","","Tiny","N/A"
"PCLiquidations","Dell","Desktop","OptiPlex 3070","319.99","Intel Core i5-8500T Processor, 2.1GHz","8GB DDR4","256GB NVMe SSD","","Micro","N/A"
"PCLiquidations","Lenovo","Desktop","ThinkCentre M920Q","319.99","Intel i5-8500T 2.10GHz","8GB DDR4","256GB 2.5" SATA SSD","","Tiny","N/A"
"PCLiquidations","Dell","Desktop","OptiPlex 3070","319.99","Intel Core i5-8500T Processor, 2.1GHz","8GB DDR4","256GB NVMe SSD","","Micro","N/A"
"PCLiquidations","Lenovo","Desktop","ThinkCentre M920Q","319.99","Intel i5-8500T 2.10GHz","8GB DDR4","256GB 2.5" SATA SSD","","Tiny","N/A"
"PCLiquidations","Dell","Desktop","OptiPlex 3070","319.99","Intel Core i5-8500T Processor, 2.1GHz","8GB DDR4","256GB NVMe SSD","","Micro","N/A"
"PCLiquidations","Lenovo","Desktop","ThinkCentre M920Q","319.99","Intel i5-8500T 2.10GHz","8GB DDR4","256GB 2.5" SATA SSD","","Tiny","N/A"
"PCLiquidations","Dell","Desktop","OptiPlex 3070","319.99","Intel Core i5-8500T Processor, 2.1GHz","8GB DDR4","256GB NVMe SSD","","Micro","N/A"
"DiscountElectronics","HP","Unknown","EliteDesk 800 G4","320","Core i5","","256GB SSD","","Micro PC","N/A"
"SystemLiquidation","HP","Desktop","EliteDesk 800 G2","325","Intel Core i7-6700, 3.4GHz","32GB","1TB SSD","","SFF","Grade A"
"SystemLiquidation","Dell","Desktop","OptiPlex 3060","325","Intel Core i7-8700, 3.2 GHz","16GB RAM","512GB SSD","","Micro Desktop","Grade A"
"SystemLiquidation","Dell","Laptop","Latitude 5400","325","Intel Core i7-8665U, 1.90GHz","16GB","256GB SSD","","","Grade A"
"SystemLiquidation","Lenovo","Laptop","ThinkPad X1 Yoga G3","325","Intel Core i5-8350U, 1.70GHz","8GB","256GB SSD","","","Grade A"
"SystemLiquidation","Dell","Desktop","OptiPlex 7050","329","Intel Core i7-6700T, 2.8GHz","32GB","1TB SSD","","Micro","Grade A"
"SystemLiquidation","Dell","Desktop","OptiPlex 3070","329","Intel Core i5-9400T, 3.0GHz","16GB","512GB SSD","","Micro","Grade A"
"SystemLiquidation","Dell","Laptop","Latitude 5400","329","Intel Core i7-8665U","16GB","256GB M2 SSD","","","Grade A"
"SystemLiquidation","Dell","Laptop","Latitude 5490","329","Intel Core i5-8350U, 1.7GHz","32GB","512GB M2 SSD","","","Grade A"
"SystemLiquidation","Dell","Laptop","Latitude 5490","329","Intel Core i5-8250U, 1.6GHz","32GB","512GB M2 SSD","","","Grade A"
"PCLiquidations","Dell","Laptop","Latitude 3510","330.98","Intel i5-10210U 1.60GHz","","","1366 x 768 (HD)","","N/A"
"PCLiquidations","Dell","Laptop","Latitude 3510","330.98","Intel i5-10210U 1.60GHz","","","1366 x 768 (HD)","","N/A"
"PCLiquidations","Dell","Laptop","Latitude 3510","330.98","Intel i5-10210U 1.60GHz","","","1366 x 768 (HD)","","N/A"
"PCLiquidations","Dell","Laptop","Latitude 3510","330.98","Intel i5-10210U 1.60GHz","","","1366 x 768 (HD)","","N/A"
"PCLiquidations","Dell","Laptop","Latitude 3510","330.98","Intel i5-10210U 1.60GHz","","","1366 x 768 (HD)","","N/A"
"DellRefurbished","Dell","Desktop","OptiPlex 3070 SFF","339","1x Intel Core i5-9500 (6-Core, 3.00 GHz)","8 GB (1x 8GB)","512 GB (1x 512 GB SSD)","","Small Form Factor","Grade B"
"DellRefurbished","Dell","Desktop","OptiPlex 3070 SFF","339","1x Intel Core i5-9500 (6-Core, 3.00 GHz)","8 GB (1x 8GB)","512 GB (1x 512 GB SSD)","","Small Form Factor","Grade B"
"DellRefurbished","Dell","Desktop","OptiPlex 3070 SFF","339","1x Intel Core i5-9500 (6-Core, 3.00 GHz)","8 GB (1x 8GB)","512 GB (1x 512 GB SSD)","","Small Form Factor","Grade B"
"DellRefurbished","Dell","Desktop","OptiPlex 3070 SFF","339","1x Intel Core i5-9500 (6-Core, 3.00 GHz)","8 GB (1x 8GB)","512 GB (1x 512 GB SSD)","","Small Form Factor","Grade B"
"DellRefurbished","Dell","Desktop","OptiPlex 3070 SFF","339","1x Intel Core i5-9500 (6-Core, 3.00 GHz)","8 GB (1x 8GB)","512 GB (1x 512 GB SSD)","","Small Form Factor","Grade B"
"SystemLiquidation","HP","Desktop","EliteDesk 800 G3","339","Intel Core i7-6700T, 2.8GHz","32GB RAM","1TB SSD","","Mini","Grade A"
"SystemLiquidation","Dell","Desktop","OptiPlex 5040","339","Intel i7-6700, 3.4GHz","32GB RAM","1TB SSD","","SFF","Grade A"
"SystemLiquidation","Lenovo","Desktop","ThinkCentre M720Q","339","Intel Core i7-9700T, 2.0GHz","16GB","512GB NVMe SSD","","Tiny","Grade A"
"SystemLiquidation","Dell","Laptop","5400","339","Intel Core i7-8665U, 1.90GHz","16GB","512GB NVMe","","","Grade A"
"DiscountElectronics","HP","Laptop","Probook 430 G6","340","i5","16GB","SSD","","","N/A"
"SystemLiquidation","Dell","Laptop","Latitude 5410","345","Intel Core i5-10210U, 1.70GHZ","16GB","256GB M2 SSD","","","Grade A"
"SystemLiquidation","Lenovo","Laptop","ThinkPad X1 Yoga G3","345","Intel Core i5-8350U, 1.70GHz","8GB","512GB SSD","","","Grade A"
"SystemLiquidation","Lenovo","Laptop","ThinkPad X390","345","Intel Core i7-8565U, 1.80GHz","8GB RAM","256GB SSD","","","Grade A"
"PCLiquidations","Lenovo","Laptop","IdeaPad Slim 7 14ITL05","345.96","Intel i7-1165G7 2.8GHz","","","1920 x 1080 (FHD)","","N/A"
"PCLiquidations","Lenovo","Laptop","IdeaPad Slim 7 14ITL05","345.96","Intel i7-1165G7 2.8GHz","","","1920 x 1080 (FHD)","","N/A"
"PCLiquidations","Lenovo","Laptop","IdeaPad Slim 7 14ITL05","345.96","Intel i7-1165G7 2.8GHz","","","1920 x 1080 (FHD)","","N/A"
"PCLiquidations","Lenovo","Laptop","IdeaPad Slim 7 14ITL05","345.96","Intel i7-1165G7 2.8GHz","","","1920 x 1080 (FHD)","","N/A"
"PCLiquidations","Lenovo","Laptop","IdeaPad Slim 7 14ITL05","345.96","Intel i7-1165G7 2.8GHz","","","1920 x 1080 (FHD)","","N/A"
"SystemLiquidation","Lenovo","Desktop","ThinkCentre M720Q","349","Intel Core i7-8700T (8th Gen)","32GB","1TB NVMe SSD","","Tiny","Grade A"
"SystemLiquidation","Dell","Desktop","OptiPlex 3070","349","Intel Core i5-9500, 2.2GHz","32GB RAM","1TB NVMe SSD","","Micro Desktop","Grade A"
"SystemLiquidation","Lenovo","Laptop","ThinkPad T490s","349","Intel Core i7-8565U, 1.80GHz","8GB","256GB SSD","","","Grade A"
"SystemLiquidation","Dell","Laptop","Latitude 5320","349","Intel Core i5-1135G7, 2.40GHz","8GB","512GB M2 NVMe SSD","","","Grade A"
"SystemLiquidation","Dell","Laptop","Latitude 5410","349","Intel Core i5-10310U, 1.70GHz","16GB","256GB M2 SSD","","","Grade A"
"PCLiquidations","Dell","Laptop","Latitude 3500","349.49","Intel Celeron 4205U 1.8GHz","","","1366 x 768 (HD)","","N/A"
"PCLiquidations","Dell","Laptop","Latitude 3500","349.49","Intel Celeron 4205U 1.8GHz","","","1366 x 768 (HD)","","N/A"
"PCLiquidations","Dell","Laptop","Latitude 3500","349.49","Intel Celeron 4205U 1.8GHz","","","1366 x 768 (HD)","","N/A"
"PCLiquidations","Dell","Laptop","Latitude 3500","349.49","Intel Celeron 4205U 1.8GHz","","","1366 x 768 (HD)","","N/A"
"PCLiquidations","Dell","Laptop","Latitude 3500","349.49","Intel Celeron 4205U 1.8GHz","","","1366 x 768 (HD)","","N/A"
"DiscountPC","Lenovo","Desktop","ThinkCentre M70q G1 Tiny","349.95","i5 Gen 10","","","","Tiny","N/A"
"PCLiquidations","Dell","Desktop","OptiPlex 3080","349.99","Intel i5-10500T 3.8GHz","8GB DDR4","256GB NVMe SSD","","Micro","N/A"
"PCLiquidations","Dell","Desktop","OptiPlex 3080","349.99","Intel i5-10500T 3.8GHz","8GB DDR4","256GB NVMe SSD","","Micro","N/A"
"PCLiquidations","Dell","Desktop","OptiPlex 3080","349.99","Intel i5-10500T 3.8GHz","8GB DDR4","256GB NVMe SSD","","Micro","N/A"
"PCLiquidations","Dell","Desktop","OptiPlex 3080","349.99","Intel i5-10500T 3.8GHz","8GB DDR4","256GB NVMe SSD","","Micro","N/A"
"PCLiquidations","Dell","Desktop","OptiPlex 3080","349.99","Intel i5-10500T 3.8GHz","8GB DDR4","256GB NVMe SSD","","Micro","N/A"
"PCLiquidations","Dell","Laptop","Latitude 7400","349.99","Intel i7-8665U 1.9GHz","","","1366 x 768 (HD)","","N/A"
"PCLiquidations","Dell","Laptop","Latitude 7400","349.99","Intel i7-8665U 1.9GHz","","","1366 x 768 (HD)","","N/A"
"PCLiquidations","Dell","Laptop","Latitude 7400","349.99","Intel i7-8665U 1.9GHz","","","1366 x 768 (HD)","","N/A"
"PCLiquidations","Dell","Laptop","Latitude 7400","349.99","Intel i7-8665U 1.9GHz","","","1366 x 768 (HD)","","N/A"
"PCLiquidations","Dell","Laptop","Latitude 7400","349.99","Intel i7-8665U 1.9GHz","","","1366 x 768 (HD)","","N/A"
"DiscountElectronics","Dell","Laptop","Latitude 5400","350","i5","","SSD","","","N/A"
"DiscountElectronics","Dell","Laptop","Latitude 12 7202","350","","","","","","N/A"
"DiscountElectronics","HP","Unknown","ProDesk 600 G4","350","i5-8500T","","","","Mini PC","N/A"
"PCLiquidations","Lenovo","Laptop","IdeaPad 3 15ALC6","351.97","Ryzen 5 5500U 2.1GHz","","","1920 x 1080 (FHD)","","N/A"
"PCLiquidations","Lenovo","Laptop","IdeaPad 3 15ALC6","351.97","Ryzen 5 5500U 2.1GHz","","","1920 x 1080 (FHD)","","N/A"
"PCLiquidations","Lenovo","Laptop","IdeaPad 3 15ALC6","351.97","Ryzen 5 5500U 2.1GHz","","","1920 x 1080 (FHD)","","N/A"
"PCLiquidations","Lenovo","Laptop","IdeaPad 3 15ALC6","351.97","Ryzen 5 5500U 2.1GHz","","","1920 x 1080 (FHD)","","N/A"
"PCLiquidations","Lenovo","Laptop","IdeaPad 3 15ALC6","351.97","Ryzen 5 5500U 2.1GHz","","","1920 x 1080 (FHD)","","N/A"
"SystemLiquidation","Dell","Laptop","Latitude 7410","355","Intel Core i5-10310U, 1.70GHz","16GB","256GB SSD","","","Grade A"
"SystemLiquidation","Dell","Laptop","Latitude 7400","355","Intel Core i7-8665U, 1.90GHz","16GB RAM","256GB SSD","","","Grade A"
"SystemLiquidation","Dell","Laptop","Latitude 7410","355","Intel Core i5-10310U, 1.70GHz","16GB","256GB SSD","","","Grade A"
"DiscountPC","Dell","Desktop","OptiPlex 7070 SFF","355.99","i5 Gen 9","","","","SFF","N/A"
"SystemLiquidation","Dell","Desktop","OptiPlex 3060","359","Intel Core i7-8700, 3.2 GHz","32GB RAM","1TB SSD","","Micro","Grade A"
"SystemLiquidation","Dell","Desktop","OptiPlex 7050","359","Intel Core i7-6700, 3.4GHz","32GB","1TB SSD","","Tower","Grade A"
"SystemLiquidation","HP","Desktop","ProDesk 600G4","359","Intel Core i5-8500","32GB","1TB SSD","","Tower","Grade A"
"SystemLiquidation","Dell","Desktop","OptiPlex 7070","359","Intel Core i7-9700 3.0GHz","16GB","256GB M2 SSD","","SFF","Grade A"
"SystemLiquidation","Dell","Desktop","OptiPlex 7070","359","Intel Core i7-9700, 3.0GHz","16GB RAM","256GB M2 SSD","","SFF","Grade A"
"SystemLiquidation","Dell","Laptop","Latitude 5410","359","Intel Core i5-10210U, 1.60GHz","16GB","512GB SSD","","","Grade A"
"SystemLiquidation","Lenovo","Laptop","T490s","365","Intel Core i7-8565U, 1.80GHz","8GB","512GB SSD","","","Grade A"
"SystemLiquidation","Lenovo","Laptop","X1 Carbon G7","365","Intel Core i5-8265U, 1.60GHz","16GB","256GB M2 SSD","","","Grade A"
"SystemLiquidation","Dell","Laptop","Latitude 7310","365","Intel Core i5-10310U, 1.70GHz, 4 core processor","16GB RAM","256GB M2 NVMe","","","Grade A"
"SystemLiquidation","Dell","Laptop","Latitude 7310","365","Intel Core i5-10310U, 1.70GHz","16GB","256GB M2 NVMe","","","Grade A"
"PCLiquidations","Dell","Laptop","Latitude 5511","366.99","Intel i5-10400H 2.60GHz","","","1920 x 1080 (FHD)","","N/A"
"PCLiquidations","Dell","Laptop","Latitude 5511","366.99","Intel i5-10400H 2.60GHz","","","1920 x 1080 (FHD)","","N/A"
"PCLiquidations","Dell","Laptop","Latitude 5511","366.99","Intel i5-10400H 2.60GHz","","","1920 x 1080 (FHD)","","N/A"
"PCLiquidations","Dell","Laptop","Latitude 5511","366.99","Intel i5-10400H 2.60GHz","","","1920 x 1080 (FHD)","","N/A"
"PCLiquidations","Dell","Laptop","Latitude 5511","366.99","Intel i5-10400H 2.60GHz","","","1920 x 1080 (FHD)","","N/A"
"SystemLiquidation","Dell","Desktop","OptiPlex 3070","369","Intel Core i7-9700T, 2.0GHz","16GB RAM","512GB SSD","","Micro Desktop","Grade A"
"SystemLiquidation","Dell","Laptop","7400","369","Intel Core i7-8665U, 1.90GHz","16GB","512GB SSD","","","Grade A"
"DiscountPC","Dell","Laptop","Latitude 5590","369.99","i5 Gen 8","","","","","N/A"
"PCLiquidations","HP","Laptop","250 G8","373.98","Intel i5-1135G7 2.40GHz","","","1366 x 768 (HD)","","N/A"
"PCLiquidations","HP","Laptop","250 G8","373.98","Intel i5-1135G7 2.40GHz","","","1366 x 768 (HD)","","N/A"
"PCLiquidations","HP","Laptop","250 G8","373.98","Intel i5-1135G7 2.40GHz","","","1366 x 768 (HD)","","N/A"
"PCLiquidations","HP","Laptop","250 G8","373.98","Intel i5-1135G7 2.40GHz","","","1366 x 768 (HD)","","N/A"
"PCLiquidations","HP","Laptop","250 G8","373.98","Intel i5-1135G7 2.40GHz","","","1366 x 768 (HD)","","N/A"
"DiscountElectronics","HP","Unknown","ProDesk 600 G4 SFF","375","Core i5","","","","SFF","N/A"
"SystemLiquidation","Lenovo","Laptop","T490","375","Intel Core i5-8365U","32GB","1TB NVMe","","","Grade A"
"SystemLiquidation","Dell","Laptop","Latitude 5300","375","Intel Core i7-8665U, 1.90GHz","32GB RAM","1TB NVMe","","","Grade A"
"SystemLiquidation","HP","Laptop","EliteBook 820 G3","375","Intel Core i7-6600U, 2.6 GHz","8GB RAM","256GB SSD","","","Grade A"
"SystemLiquidation","Dell","Laptop","Latitude 7410","375","Intel Core i5-10310U, 1.70GHz","16GB","512GB NVMe","","","Grade A"
"SystemLiquidation","Lenovo","Desktop","ThinkCentre M80q","379","Intel Core i5-10500T","16GB","512GB SSD","","Tiny","Grade A"
"DiscountPC","Dell","Desktop","OptiPlex 5070 SFF","379.99","i5 Gen 9","","","","SFF","N/A"
"SystemLiquidation","Dell","Laptop","E5570","385","Intel Core i5-6300U, 2.40GHz","8GB","256GB SSD","","","Grade A"
"PCLiquidations","Dell","Laptop","Latitude 3500","385.49","Intel i5-8265U 1.6GHz","","","1366 x 768 (HD)","","N/A"
"PCLiquidations","Dell","Laptop","Latitude 3500","385.49","Intel i5-8265U 1.6GHz","","","1366 x 768 (HD)","","N/A"
"PCLiquidations","Dell","Laptop","Latitude 3500","385.49","Intel i5-8265U 1.6GHz","","","1366 x 768 (HD)","","N/A"
"PCLiquidations","Dell","Laptop","Latitude 3500","385.49","Intel i5-8265U 1.6GHz","","","1366 x 768 (HD)","","N/A"
"PCLiquidations","Dell","Laptop","Latitude 3500","385.49","Intel i5-8265U 1.6GHz","","","1366 x 768 (HD)","","N/A"
"SystemLiquidation","Dell","Desktop","OptiPlex 7070","389","Intel Core i7-9700","16GB","1TB NVMe Drive","","SFF","Grade A"
"SystemLiquidation","Dell","Laptop","Latitude 5410","389","Intel Core i5-10310U, 1.70GHz","32GB","512GB SSD","","","Grade A"
"SystemLiquidation","HP","Desktop","EliteDesk 800 G5","395","Intel Core i7-9700, 3.0GHz","16GB RAM","512GB SSD","","SFF","Grade A"
"SystemLiquidation","Dell","Laptop","Latitude 5400","395","Intel Core i7-8665U, 1.90GHz","16GB RAM","256GB M2 SSD","","","Grade A"
"PCLiquidations","Dell","Laptop","Latitude 5420","396.98","Intel i7-1165G7 2.80GHz","","","1920 x 1080 (FHD)","","N/A"
"PCLiquidations","Dell","Laptop","Latitude 5420","396.98","Intel i7-1165G7 2.80GHz","","","1920 x 1080 (FHD)","","N/A"
"PCLiquidations","Dell","Laptop","Latitude 5420","396.98","Intel i7-1165G7 2.80GHz","","","1920 x 1080 (FHD)","","N/A"
"PCLiquidations","Dell","Laptop","Latitude 5420","396.98","Intel i7-1165G7 2.80GHz","","","1920 x 1080 (FHD)","","N/A"
"PCLiquidations","Dell","Laptop","Latitude 5420","396.98","Intel i7-1165G7 2.80GHz","","","1920 x 1080 (FHD)","","N/A"
"DiscountElectronics","Dell","Laptop","Latitude 7410","399","i5","","","","","Cosmetic"
"DiscountElectronics","Dell","Laptop","Latitude 5300","399","i5","16GB","SSD","","","N/A"
"DiscountElectronics","HP","Laptop","EliteBook x360 830 G6","399","i5-10210U","","","","","N/A"
"DiscountElectronics","Lenovo","Laptop","ThinkPad T490","399","i5","","","FHD","","N/A"
"DiscountElectronics","Dell","Unknown","Optiplex","399","i5","","","","Compact","N/A"
"SystemLiquidation","HP","Desktop","ProDesk 600 G6","399","Intel Core i5-10400","16GB","256GB SSD","","SFF","Grade A"
"SystemLiquidation","Lenovo","Desktop","ThinkCentre M720Q","399","Intel Core i7-9700T 2.0GHz","32GB","1TB NVMe SSD","","Tiny","Grade A"
"SystemLiquidation","HP","Desktop","EliteDesk 800 G5","399","Intel Core i5-9500T 2.2GHz","16GB","256GB SSD","","Mini","Grade A"
"SystemLiquidation","Dell","Desktop","OptiPlex 3070","399","Intel Core i7-9700T, 2.0GHz","32GB","512GB SSD","","Micro","Grade A"
"SystemLiquidation","HP","Desktop","ProDesk 400 G6","399","Intel Core i5-10500T, 2.3GHz","16GB","512GB NVMe","","Mini","Grade A"
"SystemLiquidation","Dell","Desktop","Vostro 3681","399","Intel Core i5-10400, 2.9GHz","16GB","256GB SSD","","SFF","Grade A"
"SystemLiquidation","Lenovo","Laptop","X1 Carbon G6","399","Intel Core i5-8350U, 1.70GHz","16GB","512GB SSD","","","Grade A"
"PCLiquidations","Lenovo","Laptop","ThinkPad T480","412.49","Intel Core i5-8250 processor, 1.60GHz","","","HD (1366x768)","","N/A"
"PCLiquidations","Lenovo","Laptop","ThinkPad T480","412.49","Intel Core i5-8250 processor, 1.60GHz","","","HD (1366x768)","","N/A"
"PCLiquidations","Lenovo","Laptop","ThinkPad T480","412.49","Intel Core i5-8250 processor, 1.60GHz","","","HD (1366x768)","","N/A"
"PCLiquidations","Lenovo","Laptop","ThinkPad T480","412.49","Intel Core i5-8250 processor, 1.60GHz","","","HD (1366x768)","","N/A"
"PCLiquidations","Lenovo","Laptop","ThinkPad T480","412.49","Intel Core i5-8250 processor, 1.60GHz","","","HD (1366x768)","","N/A"
"PCLiquidations","Lenovo","Laptop","ThinkPad T480","412.49","Intel Core i5-8250 processor, 1.60GHz","","","HD (1366x768)","","N/A"
"PCLiquidations","Lenovo","Laptop","ThinkPad T480","412.49","Intel Core i5-8250 processor, 1.60GHz","","","HD (1366x768)","","N/A"
"PCLiquidations","Lenovo","Laptop","ThinkPad T480","412.49","Intel Core i5-8250 processor, 1.60GHz","","","HD (1366x768)","","N/A"
"PCLiquidations","Lenovo","Laptop","ThinkPad T480","412.49","Intel Core i5-8250 processor, 1.60GHz","","","HD (1366x768)","","N/A"
"PCLiquidations","Lenovo","Laptop","ThinkPad T480","412.49","Intel Core i5-8250 processor, 1.60GHz","","","HD (1366x768)","","N/A"
"SystemLiquidation","HP","Desktop","ProDesk 600 G6","415","Intel Core i5-10500T, 2.3GHz","16GB","512GB NVMe","","Mini","Grade A"
"SystemLiquidation","Dell","Laptop","Latitude 5400","415","Intel Core i7-8665U, 1.90GHz","32GB","512GB SSD","","","Grade A"
"PCLiquidations","Dell","Desktop","OptiPlex 7060","415.98","Intel i7-8700 3.20GHz","8GB DDR4","256GB SSD","","SFF","N/A"
"PCLiquidations","Dell","Desktop","OptiPlex 7060","415.98","Intel i7-8700 3.20GHz","8GB DDR4","256GB SSD","","SFF","N/A"
"PCLiquidations","Dell","Desktop","OptiPlex 7060","415.98","Intel i7-8700 3.20GHz","8GB DDR4","256GB SSD","","SFF","N/A"
"PCLiquidations","Dell","Desktop","OptiPlex 7060","415.98","Intel i7-8700 3.20GHz","8GB DDR4","256GB SSD","","SFF","N/A"
"PCLiquidations","Dell","Desktop","OptiPlex 7060","415.98","Intel i7-8700 3.20GHz","8GB DDR4","256GB SSD","","SFF","N/A"
"SystemLiquidation","Dell","Laptop","Latitude 7420","419","Intel Core i5-1135G7, 2.40GHz","16GB","256GB M2 SSD","","","Grade A"
"DiscountPC","Dell","Desktop","OptiPlex 7070 SFF","419.95","i7 Gen 9","","","","SFF","N/A"
"DiscountElectronics","Dell","Laptop","Latitude 7400","420","i5 8th Gen","","","","","Cosmetic"
"DiscountElectronics","Dell","Unknown","OptiPlex","425","i5","","","","SFF","N/A"
"SystemLiquidation","HP","Desktop","EliteDesk 800 G6","425","Intel Core i5-10500T","16GB","256GB SSD","","Mini","Grade A"
"SystemLiquidation","Dell","Laptop","7420","425","Intel Core i5-1145G7","16GB","256GB SSD","","","Grade A"
"SystemLiquidation","Dell","Laptop","Latitude 5320","425","Intel Core i7-1185G7, 3.00GHz","16GB RAM","512GB M2 SSD","","","Grade A"
"SystemLiquidation","Dell","Desktop","OptiPlex 7080","429","Intel Core i5-10500T, 2.3GHz","16GB","512GB NVMe","","Micro","Grade A"
"SystemLiquidation","Dell","Desktop","OptiPlex 7080","429","Intel Core i5-10500T, 2.3GHz","16GB","512GB NVMe","","Micro","Grade A"
"SystemLiquidation","HP","Desktop","ProDesk 600 G6","429","Intel Core i5-10500T, 2.3GHz","16GB","512GB M2 SSD","","Mini","Grade A"
"SystemLiquidation","Dell","Laptop","5410","429","Intel Core i5-10310U, 1.70GHZ","32GB","1TB M2 NVMe","","","Grade A"
"PCLiquidations","Dell","Desktop","OptiPlex 7070","429.97","Intel i7-9700T 2.0GHz","8GB DDR4","256GB NVMe SSD","","Micro","N/A"
"PCLiquidations","Dell","Desktop","OptiPlex 7070","429.97","Intel i7-9700T 2.0GHz","8GB DDR4","256GB NVMe SSD","","Micro","N/A"
"PCLiquidations","Dell","Desktop","OptiPlex 7070","429.97","Intel i7-9700T 2.0GHz","8GB DDR4","256GB NVMe SSD","","Micro","N/A"
"PCLiquidations","Dell","Desktop","OptiPlex 7070","429.97","Intel i7-9700T 2.0GHz","8GB DDR4","256GB NVMe SSD","","Micro","N/A"
"PCLiquidations","Dell","Desktop","OptiPlex 7070","429.97","Intel i7-9700T 2.0GHz","8GB DDR4","256GB NVMe SSD","","Micro","N/A"
"PCLiquidations","Dell","Laptop","Latitude 5420","429.97","Intel i7-1165G7 2.80GHz","","","1920 x 1080 (FHD)","","N/A"
"PCLiquidations","Dell","Laptop","Latitude 5420","429.97","Intel i7-1165G7 2.80GHz","","","1920 x 1080 (FHD)","","N/A"
"PCLiquidations","Dell","Laptop","Latitude 5420","429.97","Intel i7-1165G7 2.80GHz","","","1920 x 1080 (FHD)","","N/A"
"PCLiquidations","Dell","Laptop","Latitude 5420","429.97","Intel i7-1165G7 2.80GHz","","","1920 x 1080 (FHD)","","N/A"
"PCLiquidations","Dell","Laptop","Latitude 5420","429.97","Intel i7-1165G7 2.80GHz","","","1920 x 1080 (FHD)","","N/A"
"DellRefurbished","Dell","Desktop","OptiPlex 3080 MFF","439","1x Intel Core i5-10500T (6-Core, 2.30 GHz)","8 GB (1x 8GB)","512 GB (1x 512 GB SSD)","","Micro","Grade B"
"DellRefurbished","Dell","Desktop","OptiPlex 3080 MFF","439","1x Intel Core i5-10500T (6-Core, 2.30 GHz)","8 GB (1x 8GB)","512 GB (1x 512 GB SSD)","","Micro","Grade B"
"DellRefurbished","Dell","Desktop","OptiPlex 3080 MFF","439","1x Intel Core i5-10500T (6-Core, 2.30 GHz)","8 GB (1x 8GB)","512 GB (1x 512 GB SSD)","","Micro","Grade B"
"DellRefurbished","Dell","Desktop","OptiPlex 3080 MFF","439","1x Intel Core i5-10500T (6-Core, 2.30 GHz)","8 GB (1x 8GB)","512 GB (1x 512 GB SSD)","","Micro","Grade B"
"DellRefurbished","Dell","Desktop","OptiPlex 3080 MFF","439","1x Intel Core i5-10500T (6-Core, 2.30 GHz)","8 GB (1x 8GB)","512 GB (1x 512 GB SSD)","","Micro","Grade B"
"SystemLiquidation","Dell","Desktop","OptiPlex 3070","439","Intel Core i7-9700T, 2.0GHz","32GB","1TB SSD","","Micro","Grade A"
"PCLiquidations","Dell","Laptop","Latitude 3510","439.99","Intel i5-10210U 1.60GHz","","","1366 x 768 (HD)","","N/A"
"PCLiquidations","Dell","Laptop","Latitude 3510","439.99","Intel i5-10210U 1.60GHz","","","1366 x 768 (HD)","","N/A"
"PCLiquidations","Dell","Laptop","Latitude 3510","439.99","Intel i5-10210U 1.60GHz","","","1366 x 768 (HD)","","N/A"
"PCLiquidations","Dell","Laptop","Latitude 3510","439.99","Intel i5-10210U 1.60GHz","","","1366 x 768 (HD)","","N/A"
"PCLiquidations","Dell","Laptop","Latitude 3510","439.99","Intel i5-10210U 1.60GHz","","","1366 x 768 (HD)","","N/A"
"SystemLiquidation","HP","Desktop","EliteDesk 800 G6","445","Intel Core i5-10500T, 2.30GHz","16GB RAM","512GB SSD","","Mini","Grade A"
"SystemLiquidation","HP","Desktop","ProDesk 400 G6","445","Intel Core i5-10500T","32GB","1TB NVMe","","Mini","Grade A"
"SystemLiquidation","HP","Desktop","ProDesk 600 G6 Tower","449","Intel Core i5-10400, 2.9GHz","16GB RAM","512GB SSD","","Tower","Grade A"
"SystemLiquidation","Dell","Laptop","Latitude 7320","449","Intel Core i5-1145G7, 2.60GHz","16GB","256GB M2 NVMe","","","Grade A"
"SystemLiquidation","Dell","Laptop","Latitude 7420","449","Intel Core i5-1145G7","16GB","512GB SSD","","","Grade A"
"SystemLiquidation","Dell","Laptop","Latitude 5520","449","Intel Core i7-1185G7, 3.0GHz","16GB","256GB SSD","","","Grade A"
"SystemLiquidation","HP","Laptop","EliteBook 840 G7","449","Intel Core i7-10610U, 1.8GHz","16GB","512GB M2 SSD","","","Grade A"
"PCLiquidations","Dell","Desktop","OptiPlex 5060","449.99","Intel Core i5 (8500) 3.0GHz","8GB DDR4","256GB SSD","","SFF","N/A"
"PCLiquidations","Dell","Desktop","OptiPlex 5060","449.99","Intel Core i5 (8500) 3.0GHz","8GB DDR4","256GB SSD","","SFF","N/A"
"PCLiquidations","Dell","Desktop","OptiPlex 5060","449.99","Intel Core i5 (8500) 3.0GHz","8GB DDR4","256GB SSD","","SFF","N/A"
"PCLiquidations","Dell","Desktop","OptiPlex 5060","449.99","Intel Core i5 (8500) 3.0GHz","8GB DDR4","256GB SSD","","SFF","N/A"
"PCLiquidations","Dell","Desktop","OptiPlex 5060","449.99","Intel Core i5 (8500) 3.0GHz","8GB DDR4","256GB SSD","","SFF","N/A"
"DiscountElectronics","Dell","Laptop","Latitude 7410","450","i5","16GB","","","","N/A"
"DiscountElectronics","Dell","Laptop","Latitude 3420","450","Core i5-1135G7","","","","","N/A"
"DiscountElectronics","HP","Unknown","ProDesk 600 G5 SFF","450","Core i5-9500","","","","SFF","N/A"
"DiscountElectronics","Dell","Unknown","OptiPlex 3060 SFF","450","i5","16GB","SSD","","SFF","N/A"
"DiscountElectronics","Dell","Unknown","OptiPlex 3060 Micro","450","","16GB","SSD","","Micro/Tiny","N/A"
"DiscountElectronics","Dell","Unknown","OptiPlex 5070","450","i5","16GB","NVMe SSD","4K","Micro","N/A"
"DiscountElectronics","Dell","Unknown","OptiPlex 5060 SFF","450","Core i5","","SSD","","SFF","N/A"
"DiscountElectronics","Dell","Unknown","OptiPlex 7070 Micro","450","i5","16GB","256GB SSD","","Micro","N/A"
"PCLiquidations","HP","Desktop","ProDesk 600 G6","455","Intel Core i5-10500 Processor, 3.10GHz","16GB DDR4","500GB NVMe","","SFF","N/A"
"PCLiquidations","HP","Desktop","ProDesk 600 G6","455","Intel Core i5-10500 Processor, 3.10GHz","16GB DDR4","500GB NVMe","","SFF","N/A"
"PCLiquidations","HP","Desktop","ProDesk 600 G6","455","Intel Core i5-10500 Processor, 3.10GHz","16GB DDR4","500GB NVMe","","SFF","N/A"
"PCLiquidations","HP","Desktop","ProDesk 600 G6","455","Intel Core i5-10500 Processor, 3.10GHz","16GB DDR4","500GB NVMe","","SFF","N/A"
"PCLiquidations","HP","Desktop","ProDesk 600 G6","455","Intel Core i5-10500 Processor, 3.10GHz","16GB DDR4","500GB NVMe","","SFF","N/A"
"SystemLiquidation","HP","Desktop","ProDesk 600G4","455","Intel Core i7-8700, 3.2GHz","32GB RAM","1TB SSD","","Tower","Grade A"
"SystemLiquidation","Dell","Laptop","Latitude 5420","455","Intel Core i7-1185G7, 3.00GHz","16GB","256GB NVMe","","","Grade A"
"DellRefurbished","Dell","Desktop","OptiPlex 3000 MFF","459","Intel Core i3-12100T (4-Core, 2.20 GHz)","8 GB","256 GB SSD","","Micro","Grade A"
"DellRefurbished","Dell","Desktop","OptiPlex 3000 MFF","459","Intel Core i3-12100T (4-Core, 2.20 GHz)","8 GB","256 GB SSD","","Micro","Grade A"
"DellRefurbished","Dell","Desktop","OptiPlex 3000 MFF","459","Intel Core i3-12300T (4-Core, 2.30 GHz)","8 GB","256 GB SSD","","Micro","Grade A"
"DellRefurbished","Dell","Desktop","OptiPlex 3000 MFF","459","1x Intel Core i3-12100T (4-Core, 2.20 GHz)","8 GB (1x 8GB)","256 GB (1x 256 GB SSD)","","Micro","Grade A"
"DellRefurbished","Dell","Desktop","OptiPlex 3000 MFF","459","1x Intel Core i3-12100T (4-Core, 2.20 GHz)","8 GB (1x 8GB)","256 GB (1x 256 GB SSD)","","Micro","Grade A"
"DellRefurbished","Dell","Desktop","OptiPlex 3000 MFF","459","1x Intel Core i3-12300T (4-Core, 2.30 GHz)","8 GB (1x 8GB)","256 GB (1x 256 GB SSD)","","Micro","Grade A"
"DellRefurbished","Dell","Desktop","OptiPlex 3000 MFF","459","Intel Core i3-12100T (4-Core, 2.20 GHz)","8 GB","256 GB SSD","","Micro","Grade A"
"DellRefurbished","Dell","Desktop","OptiPlex 3000 MFF","459","Intel Core i3-12100T (4-Core, 2.20 GHz)","8 GB","256 GB SSD","","Micro","Grade A"
"DellRefurbished","Dell","Desktop","OptiPlex 3000 MFF","459","Intel Core i3-12300T (4-Core, 2.30 GHz)","8 GB","256 GB SSD","","Micro","Grade A"
"DellRefurbished","Dell","Desktop","OptiPlex 3000 MFF","459","Intel Core i3-12100T (4-Core, 2.20 GHz)","8 GB","256 GB SSD","","Micro","Grade A"
"DellRefurbished","Dell","Desktop","OptiPlex 3000 MFF","459","Intel Core i3-12100T (4-Core, 2.20 GHz)","8 GB","256 GB SSD","","Micro","Grade A"
"DellRefurbished","Dell","Desktop","OptiPlex 3000 MFF","459","Intel Core i3-12300T (4-Core, 2.30 GHz)","8 GB","256 GB SSD","","Micro","Grade A"
"DellRefurbished","Dell","Desktop","OptiPlex 3000 MFF","459","Intel Core i3-12100T (4-Core, 2.20 GHz)","8 GB","256 GB SSD","","Micro","Grade A"
"DellRefurbished","Dell","Desktop","OptiPlex 3000 MFF","459","Intel Core i3-12100T (4-Core, 2.20 GHz)","8 GB","256 GB SSD","","Micro","Grade A"
"DellRefurbished","Dell","Desktop","OptiPlex 3000 MFF","459","Intel Core i3-12300T (4-Core, 2.30 GHz)","8 GB","256 GB SSD","","Micro","Grade A"
"SystemLiquidation","HP","Laptop","EliteBook 840 G7","459","Intel Core i7-10610U, 1.8GHz","16GB","512GB M2 SSD","","","Grade A"
"SystemLiquidation","HP","Laptop","EliteBook 840 G7","459","Intel Core i7-10610U, 1.8GHz","16GB","512GB M2 SSD","","","Grade A"
"SystemLiquidation","Dell","Laptop","Latitude 7410","459","Intel Core i7-10610U, 1.8GHz","8GB","256GB NVMe","","","Grade A"
"DiscountElectronics","Dell","Laptop","Latitude 7420","460","11th Gen i5","","","","","N/A"
"DiscountElectronics","Dell","Laptop","Latitude 5590","475","i7","","","","","N/A"
"DiscountElectronics","Dell","Unknown","OptiPlex 7060 Micro","475","i5","16GB","SSD","","Micro/Tiny","N/A"
"SystemLiquidation","HP","Desktop","ProDesk 600 G6","475","Intel Core i5-10400","32GB","512GB SSD","","Tower","Grade A"
"DellRefurbished","Dell","Desktop","OptiPlex 3000 MFF","479","Intel Core i3-12300T (4-Core, 2.30 GHz)","16 GB","256 GB SSD","","Micro","Grade A"
"DellRefurbished","Dell","Desktop","OptiPlex 3000 MFF","479","Intel Core i3-12300T (4-Core, 2.30 GHz)","16 GB","256 GB SSD","","Micro","Grade A"
"DellRefurbished","Dell","Desktop","OptiPlex 3000 MFF","479","1x Intel Core i3-12300T (4-Core, 2.30 GHz)","16 GB (2x 8GB)","256 GB (1x 256 GB SSD)","","Micro","Grade A"
"DellRefurbished","Dell","Desktop","OptiPlex 3000 MFF","479","1x Intel Core i3-12300T (4-Core, 2.30 GHz)","16 GB (2x 8GB)","256 GB (1x 256 GB SSD)","","Micro","Grade A"
"DellRefurbished","Dell","Desktop","OptiPlex 3000 MFF","479","Intel Core i3-12300T (4-Core, 2.30 GHz)","16 GB","256 GB SSD","","Micro","Grade A"
"DellRefurbished","Dell","Desktop","OptiPlex 3000 MFF","479","Intel Core i3-12300T (4-Core, 2.30 GHz)","16 GB","256 GB SSD","","Micro","Grade A"
"DellRefurbished","Dell","Desktop","OptiPlex 3000 MFF","479","Intel Core i3-12300T (4-Core, 2.30 GHz)","16 GB","256 GB SSD","","Micro","Grade A"
"DellRefurbished","Dell","Desktop","OptiPlex 3000 MFF","479","Intel Core i3-12300T (4-Core, 2.30 GHz)","16 GB","256 GB SSD","","Micro","Grade A"
"DellRefurbished","Dell","Desktop","OptiPlex 3000 MFF","479","Intel Core i3-12300T (4-Core, 2.30 GHz)","16 GB","256 GB SSD","","Micro","Grade A"
"DellRefurbished","Dell","Desktop","OptiPlex 3000 MFF","479","Intel Core i3-12300T (4-Core, 2.30 GHz)","16 GB","256 GB SSD","","Micro","Grade A"
"PCLiquidations","Dell","Desktop","OptiPlex 7070","479.99","Intel i7-9700T 2.0GHz","8GB DDR4","256GB NVMe SSD","","Micro","N/A"
"PCLiquidations","Dell","Desktop","OptiPlex 7070","479.99","Intel i7-9700T 2.0GHz","8GB DDR4","256GB NVMe SSD","","Micro","N/A"
"PCLiquidations","Dell","Desktop","OptiPlex 7070 Micro","479.99","Intel i7-9700T 2.0GHz","8GB DDR4","256GB NVMe SSD","","Micro","N/A"
"PCLiquidations","Dell","Desktop","OptiPlex 7070 Micro","479.99","Intel i7-9700T 2.0GHz","8GB DDR4","256GB NVMe SSD","","Micro","N/A"
"PCLiquidations","Dell","Desktop","OptiPlex 7070","479.99","Intel i7-9700T 2.0GHz","8GB DDR4","256GB NVMe SSD","","Micro","N/A"
"PCLiquidations","Lenovo","Laptop","ThinkPad X1 Nano Gen 1","479.99","Intel Core i5-1130G7 Processor, 1.10 GHz","","","2K (2160x1350)","","N/A"
"PCLiquidations","Lenovo","Laptop","ThinkPad X1 Nano Gen 1","479.99","Intel Core i5-1130G7 Processor, 1.10 GHz","","","2K (2160x1350)","","N/A"
"PCLiquidations","Lenovo","Laptop","ThinkPad X1 Nano Gen 1","479.99","Intel Core i5-1130G7 Processor, 1.10 GHz","","","2K (2160x1350)","","N/A"
"PCLiquidations","Lenovo","Laptop","ThinkPad X1 Nano Gen 1","479.99","Intel Core i5-1130G7 Processor, 1.10 GHz","","","2K (2160x1350)","","N/A"
"PCLiquidations","Lenovo","Laptop","ThinkPad X1 Nano Gen 1","479.99","Intel Core i5-1130G7 Processor, 1.10 GHz","","","2K (2160x1350)","","N/A"
"PCLiquidations","Lenovo","Laptop","ThinkPad X1 Nano Gen 1","479.99","Intel Core i5-1130G7 Processor, 1.10 GHz","","","2K (2160x1350)","","N/A"
"PCLiquidations","Lenovo","Laptop","ThinkPad X1 Nano Gen 1","479.99","Intel Core i5-1130G7 Processor, 1.10 GHz","","","2K (2160x1350)","","N/A"
"PCLiquidations","Lenovo","Laptop","ThinkPad X1 Nano Gen 1","479.99","Intel Core i5-1130G7 Processor, 1.10 GHz","","","2K (2160x1350)","","N/A"
"PCLiquidations","Lenovo","Laptop","ThinkPad X1 Nano Gen 1","479.99","Intel Core i5-1130G7 Processor, 1.10 GHz","","","2K (2160x1350)","","N/A"
"PCLiquidations","Lenovo","Laptop","ThinkPad X1 Nano Gen 1","479.99","Intel Core i5-1130G7 Processor, 1.10 GHz","","","2K (2160x1350)","","N/A"
"DiscountElectronics","Lenovo","Laptop","ThinkPad T14","484","AMD Ryzen 7","32GB","","","","N/A"
"DiscountPC","Lenovo","Laptop","ThinkPad T14 G1","485.99","i5 Gen 10","8GB RAM","","","","N/A"
"PCLiquidations","HP","Laptop","EliteBook x360 1040 G7","489.99","Intel Core i7-108310U 1.10GHz","","","1920 x 1080 (FHD)","","N/A"
"PCLiquidations","HP","Laptop","EliteBook x360 1040 G7","489.99","Intel Core i7-108310U 1.10GHz","","","1920 x 1080 (FHD)","","N/A"
"PCLiquidations","HP","Laptop","EliteBook x360 1040 G7","489.99","Intel Core i7-108310U 1.10GHz","","","1920 x 1080 (FHD)","","N/A"
"PCLiquidations","HP","Laptop","EliteBook x360 1040 G7","489.99","Intel Core i7-108310U 1.10GHz","","","1920 x 1080 (FHD)","","N/A"
"PCLiquidations","HP","Laptop","EliteBook x360 1040 G7","489.99","Intel Core i7-108310U 1.10GHz","","","1920 x 1080 (FHD)","","N/A"
"DiscountElectronics","Dell","Laptop","Latitude 13"","490","Core i7","16GB","512GB","","","N/A"
"DiscountElectronics","Dell","Unknown","OptiPlex 7060 SFF","490","i5","16GB","SSD","","SFF","N/A"
"PCLiquidations","Dell","Laptop","Latitude 7490","494.99","Intel i7-8650U 1.9 GHz","","","1366 x 768 (HD)","","N/A"
"PCLiquidations","Dell","Laptop","Latitude 7490","494.99","Intel i7-8650U 1.9 GHz","","","1366 x 768 (HD)","","N/A"
"PCLiquidations","Dell","Laptop","Latitude 7490","494.99","Intel i7-8650U 1.9 GHz","","","1366 x 768 (HD)","","N/A"
"PCLiquidations","Dell","Laptop","Latitude 7490","494.99","Intel i7-8650U 1.9 GHz","","","1366 x 768 (HD)","","N/A"
"PCLiquidations","Dell","Laptop","Latitude 7490","494.99","Intel i7-8650U 1.9 GHz","","","1366 x 768 (HD)","","N/A"
"DiscountElectronics","HP","Unknown","ProDesk 600 G5 SFF","495","Core i7-9700","16GB","SSD","","SFF","N/A"
"DiscountElectronics","Dell","Unknown","OptiPlex 5070 Micro","495","i5 9th Generation","16GB","256GB SSD Plus 1TB","","Micro","N/A"
"DiscountElectronics","Dell","Unknown","Optiplex 7060","495","Intel Core i5-8500 6 Core","","","","Tower","N/A"
"DellRefurbished","Dell","Desktop","OptiPlex 3000 MFF","499","Intel Core i3-12300T (4-Core, 2.30 GHz)","32 GB","256 GB SSD","","Micro","Grade A"
"DellRefurbished","Dell","Desktop","OptiPlex 3000 MFF","499","1x Intel Core i3-12300T (4-Core, 2.30 GHz)","32 GB (2x 16GB)","256 GB (1x 256 GB SSD)","","Micro","Grade A"
"DellRefurbished","Dell","Desktop","OptiPlex 3000 MFF","499","Intel Core i3-12300T (4-Core, 2.30 GHz)","32 GB","256 GB SSD","","Micro","Grade A"
"DellRefurbished","Dell","Desktop","OptiPlex 3000 MFF","499","Intel Core i3-12300T (4-Core, 2.30 GHz)","32 GB","256 GB SSD","","Micro","Grade A"
"DellRefurbished","Dell","Desktop","OptiPlex 3000 MFF","499","Intel Core i3-12300T (4-Core, 2.30 GHz)","32 GB","256 GB SSD","","Micro","Grade A"
"DiscountElectronics","Dell","Laptop","Latitude 5500","499","i5","16GB","SSD","","","N/A"
"DiscountElectronics","Dell","Laptop","Latitude 5510","499","i5","16GB","SSD","","","N/A"
"DiscountElectronics","Dell","Laptop","Latitude","499","i7","16GB","SSD","","","N/A"
"DiscountElectronics","Dell","Laptop","Latitude 5590","499","Core i5","16GB","SSD","","","N/A"
"DiscountElectronics","Dell","Laptop","Latitude","499","i5","","","","","N/A"
"DiscountElectronics","Dell","Unknown","OptiPlex 7070 Micro","499","i5","16GB","256GB SSD + 1TB","","Micro","N/A"
"DiscountElectronics","Dell","Unknown","OptiPlex","499","i7","","","","SFF","N/A"
"DiscountElectronics","HP","Unknown","EliteDesk 800 G4 Micro","499","Core i5","32GB","1TB SSD","","Micro","N/A"
"DiscountElectronics","Dell","Unknown","OptiPlex 5070 SFF","499","i5 9th Gen","16GB","256GB SSD","","SFF","N/A"
"SystemLiquidation","HP","Desktop","Prodesk 600 G6","499","Intel Core i5-10400, 2.9GHz","32GB RAM","1TB SSD","","SFF","Grade A"
"SystemLiquidation","Dell","Desktop","OptiPlex 7070","499","Intel Core i7-9700, 3.0GHz","32GB","1TB NVMe SSD","","SFF","Grade A"
"SystemLiquidation","Dell","Laptop","Latitude 7420","499","Intel Core i7-1165G7, 2.8GHz","16GB","256GB SSD","","","Grade A"
"SystemLiquidation","Dell","Laptop","Latitude 7420","499","Intel Core i5-1145G7, 2.60GHz","16GB","1TB NVMe","","","Grade A"
"SystemLiquidation","Dell","Laptop","Latitude 7320","499","Intel Core i7-1185G7, 3.00GHz","16GB","256GB SSD","","","Grade A"
"DiscountPC","Dell","Desktop","OptiPlex 5080 SFF","499.99","i5 Gen 10","","","","SFF","N/A"
"DellRefurbished","Dell","Desktop","OptiPlex 3000 MFF","509","Intel Core i3-12300T (4-Core, 2.30 GHz)","16 GB","256 GB SSD","","Micro","Grade A"
"DellRefurbished","Dell","Desktop","OptiPlex 3000 MFF","509","Intel Core i3-12300T (4-Core, 2.30 GHz)","16 GB","256 GB SSD","","Micro","Grade A"
"DellRefurbished","Dell","Desktop","OptiPlex 3000 MFF","509","1x Intel Core i3-12300T (4-Core, 2.30 GHz)","16 GB (2x 8GB)","256 GB (1x 256 GB SSD)","","Micro","Grade A"
"DellRefurbished","Dell","Desktop","OptiPlex 3000 MFF","509","1x Intel Core i3-12300T (4-Core, 2.30 GHz)","16 GB (2x 8GB)","256 GB (1x 256 GB SSD)","","Micro","Grade A"
"DellRefurbished","Dell","Desktop","OptiPlex 3000 MFF","509","Intel Core i3-12300T (4-Core, 2.30 GHz)","16 GB","256 GB SSD","","Micro","Grade A"
"DellRefurbished","Dell","Desktop","OptiPlex 3000 MFF","509","Intel Core i3-12300T (4-Core, 2.30 GHz)","16 GB","256 GB SSD","","Micro","Grade A"
"DellRefurbished","Dell","Desktop","OptiPlex 3000 MFF","509","Intel Core i3-12300T (4-Core, 2.30 GHz)","16 GB","256 GB SSD","","Micro","Grade A"
"DellRefurbished","Dell","Desktop","OptiPlex 3000 MFF","509","Intel Core i3-12300T (4-Core, 2.30 GHz)","16 GB","256 GB SSD","","Micro","Grade A"
"DellRefurbished","Dell","Desktop","OptiPlex 3000 MFF","509","Intel Core i3-12300T (4-Core, 2.30 GHz)","16 GB","256 GB SSD","","Micro","Grade A"
"DellRefurbished","Dell","Desktop","OptiPlex 3000 MFF","509","Intel Core i3-12300T (4-Core, 2.30 GHz)","16 GB","256 GB SSD","","Micro","Grade A"
"PCLiquidations","Dell","Desktop","OptiPlex 3070","524.94","Intel i5-9500 3.0GHz","8GB DDR4","256GB SSD","","SFF","N/A"
"PCLiquidations","Dell","Desktop","OptiPlex 3070","524.94","Intel i5-9500 3.0GHz","8GB DDR4","256GB SSD","","SFF","N/A"
"PCLiquidations","Dell","Desktop","OptiPlex 3070","524.94","Intel i5-9500 3.0GHz","8GB DDR4","256GB SSD","","SFF","N/A"
"PCLiquidations","Dell","Desktop","OptiPlex 3070","524.94","Intel i5-9500 3.0GHz","8GB DDR4","256GB SSD","","SFF","N/A"
"PCLiquidations","Dell","Desktop","OptiPlex 3070","524.94","Intel i5-9500 3.0GHz","8GB DDR4","256GB SSD","","SFF","N/A"
"DiscountElectronics","Dell","Unknown","OptiPlex 7070 SFF","525","i5 9th Gen","16GB","","","SFF","N/A"
"SystemLiquidation","HP","Desktop","EliteDesk 800 G6","525","Intel Core i5-10500T, 2.30GHz","32GB RAM","1TB M2 NVMe SSD","","Mini","Grade A"
"SystemLiquidation","HP","Laptop","EliteBook 840 G7","525","Intel Core i7-10610U, 1.8GHz","32GB","1TB M2 SSD","","","Grade A"
"SystemLiquidation","Dell","Laptop","Latitude E5570","525","Intel Core i7-6820HQ, 2.70GHz","8GB","256GB SSD","","","Grade A"
"PCLiquidations","Dell","Desktop","Optiplex 7090","525.99","Intel Core i7-10700 Processor, 2.90GHz","8GB DDR4","128GB NVMe SSD","","SFF","N/A"
"PCLiquidations","Dell","Desktop","Optiplex 7090","525.99","Intel Core i7-10700 Processor, 2.90GHz","8GB DDR4","128GB NVMe SSD","","SFF","N/A"
"PCLiquidations","Dell","Desktop","Optiplex 7090","525.99","Intel Core i7-10700 Processor, 2.90GHz","8GB DDR4","128GB NVMe SSD","","SFF","N/A"
"PCLiquidations","Dell","Desktop","OptiPlex 7090","525.99","Intel Core i7-10700 Processor, 2.90GHz","8GB DDR4","128GB NVMe SSD","","SFF","N/A"
"PCLiquidations","Dell","Desktop","OptiPlex 7090","525.99","Intel Core i7-10700 Processor, 2.90GHz","8GB DDR4","128GB NVMe SSD","","SFF","N/A"
"SystemLiquidation","HP","Desktop","ProDesk 600 G6","529","Intel Core i7-10700T, 2.0GHz","16GB","512GB SSD","","Mini","Grade A"
"DiscountElectronics","Dell","Unknown","Optiplex 5060 Micro","535","6-Core i5","32GB","","","Micro","N/A"
"SystemLiquidation","Dell","Desktop","OptiPlex 7070","539","Intel Core i7-9700","64GB","2TB NVMe Drive","","SFF","Grade A"
"SystemLiquidation","HP","Desktop","EliteDesk 800 G6","539","Intel Core i7-10700T, 2.00GHz","16GB","512GB SSD","","Mini","Grade A"
"PCLiquidations","Dell","Desktop","OptiPlex 5070","539.99","Intel Core i5-9500 Processor, 3.0GHz","8GB DDR4","256GB SSD","","SFF","N/A"
"PCLiquidations","Dell","Desktop","OptiPlex 5070","539.99","Intel Core i5-9500 Processor, 3.0GHz","8GB DDR4","256GB SSD","","SFF","N/A"
"PCLiquidations","Dell","Desktop","OptiPlex 5070 SFF","539.99","Intel Core i5-9500 Processor, 3.0GHz","8GB DDR4","256GB SSD","","SFF","N/A"
"PCLiquidations","Dell","Desktop","OptiPlex 5070 SFF","539.99","Intel Core i5-9500 Processor, 3.0GHz","8GB DDR4","256GB SSD","","SFF","N/A"
"PCLiquidations","Dell","Desktop","OptiPlex 5070","539.99","Intel Core i5-9500 Processor, 3.0GHz","8GB DDR4","256GB SSD","","SFF","N/A"
"SystemLiquidation","HP","Desktop","EliteDesk 800 G9","549","Intel Core i7-12700, 2.1GHz","32GB RAM","512GB SSD","","Mini","Grade A"
"SystemLiquidation","Dell","Laptop","Latitude 5420","549","Intel Core i7-1185G7","32GB","1TB NVMe","","","Grade A"
"DiscountElectronics","Dell","Laptop","Precision 3541","550","i7","16GB","SSD","","","N/A"
"DiscountElectronics","Dell","Laptop","Latitude 5320","550","i7","16GB","512GB","","","N/A"
"SystemLiquidation","Dell","Desktop","OptiPlex 7080","559","Intel Core i7-10700T, 2.0GHz","32GB","512GB SSD","","Micro","Grade A"
"PCLiquidations","Dell","Laptop","Latitude 5420","559.99","Intel i7-1165G7 2.80GHz","","","1920 x 1080 (FHD)","","N/A"
"PCLiquidations","Dell","Laptop","Latitude 5420","559.99","Intel i7-1165G7 2.80GHz","","","1920 x 1080 (FHD)","","N/A"
"PCLiquidations","Dell","Laptop","Latitude 5420","559.99","Intel i7-1165G7 2.80GHz","","","1920 x 1080 (FHD)","","N/A"
"PCLiquidations","Dell","Laptop","Latitude 5420","559.99","Intel i7-1165G7 2.80GHz","","","1920 x 1080 (FHD)","","N/A"
"PCLiquidations","Dell","Laptop","Latitude 5420","559.99","Intel i7-1165G7 2.80GHz","","","1920 x 1080 (FHD)","","N/A"
"PCLiquidations","Dell","Laptop","Latitude 5420","559.99","Intel i7-1165G7 2.80GHz","","","1920 x 1080 (FHD)","","N/A"
"PCLiquidations","Dell","Laptop","Latitude 5420","559.99","Intel i7-1165G7 2.80GHz","","","1920 x 1080 (FHD)","","N/A"
"PCLiquidations","Dell","Laptop","Latitude 5420","559.99","Intel i7-1165G7 2.80GHz","","","1920 x 1080 (FHD)","","N/A"
"PCLiquidations","Dell","Laptop","Latitude 5420","559.99","Intel i7-1165G7 2.80GHz","","","1920 x 1080 (FHD)","","N/A"
"PCLiquidations","Dell","Laptop","Latitude 5420","559.99","Intel i7-1165G7 2.80GHz","","","1920 x 1080 (FHD)","","N/A"
"PCLiquidations","Dell","Laptop","Latitude 3520","561.98","Intel i7-1165G7 2.80GHz","","","1920 x 1080 (FHD)","","N/A"
"PCLiquidations","Dell","Laptop","Latitude 3520","561.98","Intel i7-1165G7 2.80GHz","","","1920 x 1080 (FHD)","","N/A"
"PCLiquidations","Dell","Laptop","Latitude 3520","561.98","Intel i7-1165G7 2.80GHz","","","1920 x 1080 (FHD)","","N/A"
"PCLiquidations","Dell","Laptop","Latitude 3520","561.98","Intel i7-1165G7 2.80GHz","","","1920 x 1080 (FHD)","","N/A"
"PCLiquidations","Dell","Laptop","Latitude 3520","561.98","Intel i7-1165G7 2.80GHz","","","1920 x 1080 (FHD)","","N/A"
"SystemLiquidation","Dell","Desktop","OptiPlex 7070","565","Intel Core i7-9700, 3.0GHz","32GB","512GB NVMe Drive","","SFF","Grade A"
"SystemLiquidation","Dell","Desktop","OptiPlex 7070","565","Intel Core i7-9700, 3.0GHz","32GB RAM","512GB SSD","","SFF","Grade A"
"DiscountPC","Dell","Laptop","Latitude 5401","569.99","i5 Gen 9","","","","","N/A"
"DiscountElectronics","Dell","Unknown","OptiPlex 5060 SFF","570","Core i5","32GB","1TB SSD","","SFF","N/A"
"DiscountElectronics","Dell","Laptop","Latitude 15 7520","575","11th Gen i7","16GB","","","","N/A"
"SystemLiquidation","Dell","Laptop","Latitude 5520","575","Intel Core i7-1185G7, 3.0GHz","32GB","1TB NVMe SSD","","","Grade A"
"PCLiquidations","Dell","Laptop","Latitude 7490","577.49","Intel i7-8650U 1.9 GHz","","","1366 x 768 (HD)","","N/A"
"PCLiquidations","Dell","Laptop","Latitude 7490","577.49","Intel i7-8650U 1.9 GHz","","","1366 x 768 (HD)","","N/A"
"PCLiquidations","Dell","Laptop","Latitude 7490","577.49","Intel i7-8650U 1.9 GHz","","","1366 x 768 (HD)","","N/A"
"PCLiquidations","Dell","Laptop","Latitude 7490","577.49","Intel i7-8650U 1.9 GHz","","","1366 x 768 (HD)","","N/A"
"PCLiquidations","Dell","Laptop","Latitude 7490","577.49","Intel i7-8650U 1.9 GHz","","","1366 x 768 (HD)","","N/A"
"SystemLiquidation","Dell","Desktop","OptiPlex 7080","579","Intel Core i7-10700T, 2.0GHz","32GB","1TB SSD","","Micro","Grade A"
"SystemLiquidation","Dell","Desktop","OptiPlex 7080","579","Intel Core i7-10700T, 2.0GHz","32GB","1TB SSD","","Micro","Grade A"
"DiscountElectronics","Dell","Laptop","Latitude","580","i5","32GB","1TB SSD","","","N/A"
"DiscountElectronics","HP","Laptop","HP Windows 11 Laptop","580","Core i5","32GB","1TB SSD","","","N/A"
"DiscountElectronics","Dell","Unknown","OptiPlex 3000 Micro","595","i5-12500T","16GB","","","Micro","N/A"
"DiscountElectronics","Dell","Unknown","Optiplex 3070","599","","","","","","N/A"
"DiscountElectronics","Dell","Unknown","OptiPlex","599","","","","","","N/A"
"SystemLiquidation","HP","Desktop","ProDesk 600 G6","599","Intel Core i7-10700T, 2.0GHz","32GB RAM","1TB NVMe","","Mini","Grade A"
"SystemLiquidation","HP","Desktop","ProDesk 600 G6","599","Intel Core i7-10700, 2.9GHz","32GB","1TB SSD","","SFF","Grade A"
"SystemLiquidation","Dell","Laptop","Latitude 7320","599","Intel Core i7-1185G7, 3.00GHz","16GB","1TB SSD","","","Grade A"
"SystemLiquidation","Lenovo","Laptop","L13 Yoga G2","599","Intel Core i5-1145G7, 2.60GHz","16GB","512GB SSD","","","Grade A"
"DiscountPC","Dell","Laptop","Latitude 5501","599.99","i7 Gen 9","","","","","N/A"
"SystemLiquidation","Dell","Desktop","OptiPlex 7080","605","Intel Core i5-10500T, 2.3GHz","64GB","2TB NVMe","","Micro","Grade A"
"DiscountPC","Dell","Laptop","Latitude 5520","619.95","i5-1145G7","","","","","N/A"
"DiscountElectronics","Dell","Unknown","Optiplex","625","","","","","","N/A"
"DellRefurbished","Dell","Desktop","OptiPlex 3000 MFF","639","Intel Core i5-12500T (6-Core, 2.00 GHz)","8 GB","256 GB SSD","","Micro","Grade B"
"DellRefurbished","Dell","Desktop","OptiPlex 3000 MFF","639","1x Intel Core i5-12500T (6-Core, 2.00 GHz)","8 GB (1x 8GB)","256 GB (1x 256 GB SSD)","","Micro","Grade B"
"DellRefurbished","Dell","Desktop","OptiPlex 3000 MFF","639","Intel Core i5-12500T (6-Core, 2.00 GHz)","8 GB","256 GB SSD","","Micro","Grade B"
"DellRefurbished","Dell","Desktop","OptiPlex 3000 MFF","639","Intel Core i5-12500T (6-Core, 2.00 GHz)","8 GB","256 GB SSD","","Micro","Grade B"
"DellRefurbished","Dell","Desktop","OptiPlex 3000 MFF","639","Intel Core i5-12500T (6-Core, 2.00 GHz)","8 GB","256 GB SSD","","Micro","Grade B"
"DellRefurbished","Dell","Desktop","OptiPlex 3000 MFF","639","Intel Core i5-12500T (6-Core, 2.00 GHz)","8 GB","256 GB SSD","","Micro","Grade B"
"DellRefurbished","Dell","Desktop","OptiPlex 3000 MFF","639","Intel Core i5-12500T (6-Core, 2.00 GHz)","8 GB","256 GB SSD","","Micro","Grade B"
"DellRefurbished","Dell","Desktop","OptiPlex 3000 MFF","639","Intel Core i5-12500T (6-Core, 2.00 GHz)","8 GB","256 GB SSD","","Micro","Grade B"
"DiscountElectronics","Dell","Laptop","Latitude 5520","650","11th Gen i7","16GB","","","","Grade C"
"DiscountElectronics","Dell","Laptop","Latitude 7320","650","i7","16GB","","","","N/A"
"DiscountElectronics","Dell","Laptop","Latitude 5330","650","i7-1265U","","","","","N/A"
"DiscountElectronics","Dell","Laptop","Latitude 5320 2-in-1","675","i7","32GB","","","","N/A"
"DiscountElectronics","Dell","Unknown","OptiPlex 7080","675","","","","","","N/A"
"SystemLiquidation","Dell","Laptop","Latitude 5430","685","Intel Core i5-1245U, 1.60GHz","8GB","256GB M2 SSD","","","Grade A"
"DellRefurbished","Dell","Desktop","OptiPlex 3000 MFF","689","Intel Core i5-12500T (6-Core, 2.00 GHz)","8 GB","256 GB SSD","","Micro","Grade B"
"DellRefurbished","Dell","Desktop","OptiPlex 3000 MFF","689","1x Intel Core i5-12500T (6-Core, 2.00 GHz)","8 GB (1x 8GB)","256 GB (1x 256 GB SSD)","","Micro","Grade B"
"DellRefurbished","Dell","Desktop","OptiPlex 3000 MFF","689","Intel Core i5-12500T (6-Core, 2.00 GHz)","8 GB","256 GB SSD","","Micro","Grade B"
"DellRefurbished","Dell","Desktop","OptiPlex 3000 MFF","689","Intel Core i5-12500T (6-Core, 2.00 GHz)","8 GB","256 GB SSD","","Micro","Grade B"
"DellRefurbished","Dell","Desktop","OptiPlex 3000 MFF","689","Intel Core i5-12500T (6-Core, 2.00 GHz)","8 GB","256 GB SSD","","Micro","Grade B"
"DiscountPC","Dell","Laptop","Latitude 5520","689.99","i7 Gen 1185G7","","","","","N/A"
"DellRefurbished","Dell","Desktop","OptiPlex 3000 MFF","699","Intel Core i3-12300T (4-Core, 2.30 GHz)","16 GB","256 GB SSD","","Micro","Grade B"
"DellRefurbished","Dell","Desktop","OptiPlex 3000 MFF","699","Intel Core i3-12300T (4-Core, 2.30 GHz)","16 GB","256 GB SSD","","Micro","Grade B"
"DellRefurbished","Dell","Desktop","OptiPlex 3000 MFF","699","Intel Core i5-12500T (6-Core, 2.00 GHz)","8 GB","256 GB SSD","","Micro","Grade B"
"DellRefurbished","Dell","Desktop","OptiPlex 3000 MFF","699","1x Intel Core i3-12300T (4-Core, 2.30 GHz)","16 GB (2x 8GB)","256 GB (1x 256 GB SSD)","","Micro","Grade B"
"DellRefurbished","Dell","Desktop","OptiPlex 3000 MFF","699","1x Intel Core i3-12300T (4-Core, 2.30 GHz)","16 GB (2x 8GB)","256 GB (1x 256 GB SSD)","","Micro","Grade B"
"DellRefurbished","Dell","Desktop","OptiPlex 3000 MFF","699","1x Intel Core i5-12500T (6-Core, 2.00 GHz)","8 GB (1x 8GB)","256 GB (1x 256 GB SSD)","","Micro","Grade B"
"DellRefurbished","Dell","Desktop","OptiPlex 3000 MFF","699","Intel Core i3-12300T (4-Core, 2.30 GHz)","16 GB","256 GB SSD","","Micro","Grade B"
"DellRefurbished","Dell","Desktop","OptiPlex 3000 MFF","699","Intel Core i3-12300T (4-Core, 2.30 GHz)","16 GB","256 GB SSD","","Micro","Grade B"
"DellRefurbished","Dell","Desktop","OptiPlex 3000 MFF","699","Intel Core i5-12500T (6-Core, 2.00 GHz)","8 GB","256 GB SSD","","Micro","Grade B"
"DellRefurbished","Dell","Desktop","OptiPlex 3000 MFF","699","Intel Core i3-12300T (4-Core, 2.30 GHz)","16 GB","256 GB SSD","","Micro","Grade B"
"DellRefurbished","Dell","Desktop","OptiPlex 3000 MFF","699","Intel Core i3-12300T (4-Core, 2.30 GHz)","16 GB","256 GB SSD","","Micro","Grade B"
"DellRefurbished","Dell","Desktop","OptiPlex 3000 MFF","699","Intel Core i5-12500T (6-Core, 2.00 GHz)","8 GB","256 GB SSD","","Micro","Grade B"
"DellRefurbished","Dell","Desktop","OptiPlex 3000 MFF","699","Intel Core i3-12300T (4-Core, 2.30 GHz)","16 GB","256 GB SSD","","Micro","Grade B"
"DellRefurbished","Dell","Desktop","OptiPlex 3000 MFF","699","Intel Core i3-12300T (4-Core, 2.30 GHz)","16 GB","256 GB SSD","","Micro","Grade B"
"DellRefurbished","Dell","Desktop","OptiPlex 3000 MFF","699","Intel Core i5-12500T (6-Core, 2.00 GHz)","8 GB","256 GB SSD","","Micro","Grade B"
"DiscountElectronics","Dell","Unknown","OptiPlex","699","","","","","","N/A"
"SystemLiquidation","Dell","Laptop","Latitude 5430","699","Intel Core i5-1245U, 1.60GHz","16GB","256GB SSD","","","Grade A"
"SystemLiquidation","Dell","Laptop","Latitude 5430","699","Intel Core i5-1245U, 1.60GHz","16GB RAM","256GB SSD","","","Grade A"
"DiscountPC","Dell","Laptop","Latitude 5420","699.99","i5 Gen 8","","","","","N/A"
"DiscountPC","Dell","Laptop","XPS 7390","699.99","i7 Gen 10","32GB RAM","1TB","","","Grade C"
"DiscountElectronics","Dell","Laptop","XPS 15 9500","700","i5-10300H","16GB","","","","N/A"
"DellRefurbished","Dell","Desktop","OptiPlex 3000 MFF","729","1x Intel Core i5-12500 (6-Core, 3.00 GHz)","8 GB (1x 8GB)","256 GB (1x 256 GB SSD)","","Micro","Grade B"
"DellRefurbished","Dell","Desktop","OptiPlex 3000 SFF","729","1x Intel Core i5-12500 (6-Core, 3.00 GHz)","16 GB (1x 16GB)","512 GB (1x 512 GB SSD)","","Small Form Factor","Grade B"
"DellRefurbished","Dell","Desktop","OptiPlex 3000 MFF","729","1x Intel Core i5-12500 (6-Core, 3.00 GHz)","8 GB (1x 8GB)","256 GB (1x 256 GB SSD)","","Micro","Grade B"
"DellRefurbished","Dell","Desktop","OptiPlex 3000 SFF","729","1x Intel Core i5-12500 (6-Core, 3.00 GHz)","16 GB (1x 16GB)","512 GB (1x 512 GB SSD)","","Small Form Factor","Grade B"
"DellRefurbished","Dell","Desktop","OptiPlex 3000 MFF","729","1x Intel Core i5-12500 (6-Core, 3.00 GHz)","8 GB (1x 8GB)","256 GB (1x 256 GB SSD)","","Micro","Grade B"
"DellRefurbished","Dell","Desktop","OptiPlex 3000 SFF","729","1x Intel Core i5-12500 (6-Core, 3.00 GHz)","16 GB (1x 16GB)","512 GB (1x 512 GB SSD)","","Small Form Factor","Grade B"
"DellRefurbished","Dell","Desktop","OptiPlex 3000 SFF","729","1x Intel Core i5-12500 (6-Core, 3.00 GHz)","16 GB (1x 16GB)","512 GB (1x 512 GB SSD)","","Small Form Factor","Grade B"
"DellRefurbished","Dell","Desktop","OptiPlex 3000 MFF","729","1x Intel Core i5-12500 (6-Core, 3.00 GHz)","8 GB (1x 8GB)","256 GB (1x 256 GB SSD)","","Micro","Grade B"
"DellRefurbished","Dell","Desktop","OptiPlex 3000 SFF","729","1x Intel Core i5-12500 (6-Core, 3.00 GHz)","16 GB (1x 16GB)","512 GB (1x 512 GB SSD)","","Small Form Factor","Grade B"
"DiscountElectronics","Dell","Unknown","OptiPlex 7080","735","","","","","","N/A"
"DellRefurbished","Dell","Desktop","OptiPlex 3000 MFF","739","Intel Core i5-12500T (6-Core, 2.00 GHz)","8 GB","256 GB SSD","","Micro","Grade A"
"DellRefurbished","Dell","Desktop","OptiPlex 3000 MFF","739","Intel Core i5-12500T (6-Core, 2.00 GHz)","8 GB","256 GB SSD","","Micro","Grade A"
"DellRefurbished","Dell","Desktop","OptiPlex 3000 MFF","739","1x Intel Core i5-12500T (6-Core, 2.00 GHz)","8 GB (1x 8GB)","256 GB (1x 256 GB SSD)","","Micro","Grade A"
"DellRefurbished","Dell","Desktop","OptiPlex 3000 MFF","739","Intel Core i5-12500T (6-Core, 2.00 GHz)","8 GB","256 GB SSD","","Micro","Grade A"
"DellRefurbished","Dell","Desktop","OptiPlex 3000 MFF","739","Intel Core i5-12500T (6-Core, 2.00 GHz)","8 GB","256 GB SSD","","Micro","Grade A"
"DellRefurbished","Dell","Desktop","OptiPlex 3000 MFF","739","Intel Core i5-12500T (6-Core, 2.00 GHz)","8 GB","256 GB SSD","","Micro","Grade A"
"DellRefurbished","Dell","Desktop","OptiPlex 3000 MFF","739","Intel Core i5-12500T (6-Core, 2.00 GHz)","8 GB","256 GB SSD","","Micro","Grade A"
"DellRefurbished","Dell","Desktop","OptiPlex 3000 MFF","739","Intel Core i5-12500T (6-Core, 2.00 GHz)","8 GB","256 GB SSD","","Micro","Grade A"
"DellRefurbished","Dell","Desktop","OptiPlex 3000 MFF","739","Intel Core i5-12500T (6-Core, 2.00 GHz)","8 GB","256 GB SSD","","Micro","Grade A"
"DiscountElectronics","Dell","Unknown","OptiPlex 5080","750","","","","","","N/A"
"DellRefurbished","Dell","Desktop","OptiPlex 3000 MT","769","1x Intel Core i3-12300 (4-Core, 3.50 GHz)","16 GB (2x 8GB)","512 GB (1x 512 GB SSD)","","Mini Tower","Grade A"
"DellRefurbished","Dell","Desktop","OptiPlex 3000 MT","769","1x Intel Core i3-12300 (4-Core, 3.50 GHz)","16 GB (2x 8GB)","512 GB (1x 512 GB SSD)","","Mini Tower","Grade A"
"DellRefurbished","Dell","Desktop","OptiPlex 3000 MT","769","1x Intel Core i3-12300 (4-Core, 3.50 GHz)","16 GB (2x 8GB)","512 GB (1x 512 GB SSD)","","Mini Tower","Grade A"
"DellRefurbished","Dell","Desktop","OptiPlex 3000 MT","769","1x Intel Core i3-12300 (4-Core, 3.50 GHz)","16 GB (2x 8GB)","512 GB (1x 512 GB SSD)","","Mini Tower","Grade A"
"DellRefurbished","Dell","Desktop","OptiPlex 3000 MT","769","1x Intel Core i3-12300 (4-Core, 3.50 GHz)","16 GB (2x 8GB)","512 GB (1x 512 GB SSD)","","Mini Tower","Grade A"
"DiscountElectronics","Dell","Laptop","Latitude 5520","775","i5 11th Gen","32GB","SSD","","","N/A"
"DellRefurbished","Dell","Desktop","OptiPlex 3000 MFF","779","Intel Core i5-12500T (6-Core, 2.00 GHz)","16 GB","512 GB SSD","","Micro","Grade A"
"DellRefurbished","Dell","Desktop","OptiPlex 3000 MFF","779","1x Intel Core i5-12500T (6-Core, 2.00 GHz)","16 GB (1x 16GB)","512 GB (1x 512 GB SSD)","","Micro","Grade A"
"DellRefurbished","Dell","Desktop","OptiPlex 3000 MFF","779","Intel Core i5-12500T (6-Core, 2.00 GHz)","16 GB","512 GB SSD","","Micro","Grade A"
"DellRefurbished","Dell","Desktop","OptiPlex 3000 MFF","779","Intel Core i5-12500T (6-Core, 2.00 GHz)","16 GB","512 GB SSD","","Micro","Grade A"
"DellRefurbished","Dell","Desktop","OptiPlex 3000 MFF","779","Intel Core i5-12500T (6-Core, 2.00 GHz)","16 GB","512 GB SSD","","Micro","Grade A"
"DellRefurbished","Dell","Desktop","OptiPlex 3000 MFF","789","Intel Core i5-12500T (6-Core, 2.00 GHz)","8 GB","256 GB SSD","","Micro","Grade A"
"DellRefurbished","Dell","Desktop","OptiPlex 3000 MFF","789","1x Intel Core i5-12500T (6-Core, 2.00 GHz)","8 GB (1x 8GB)","256 GB (1x 256 GB SSD)","","Micro","Grade A"
"DellRefurbished","Dell","Desktop","OptiPlex 3000 MFF","789","Intel Core i5-12500T (6-Core, 2.00 GHz)","8 GB","256 GB SSD","","Micro","Grade A"
"DellRefurbished","Dell","Desktop","OptiPlex 3000 MFF","789","Intel Core i5-12500T (6-Core, 2.00 GHz)","8 GB","256 GB SSD","","Micro","Grade A"
"DellRefurbished","Dell","Desktop","OptiPlex 3000 MFF","789","Intel Core i5-12500T (6-Core, 2.00 GHz)","8 GB","256 GB SSD","","Micro","Grade A"
"SystemLiquidation","Dell","Laptop","Latitude 5430","799","Intel Core i5-1235U, 4.40GHz","32GB","1TB SSD","","","Grade A"
"SystemLiquidation","Dell","Laptop","Latitude 5430","799","Intel Core i5-1235U, 4.40GHz","32GB RAM","1TB SSD","","","Grade A"
"SystemLiquidation","HP","Desktop","EliteDesk 800 G5 Mini","815","Intel Core i7-9700T, 2.0GHz","64GB RAM","2TB SSD","","Mini","Grade A"
"DellRefurbished","Dell","Desktop","OptiPlex 3000 SFF","839","1x Intel Core i5-12500 (6-Core, 3.00 GHz)","16 GB (1x 16GB)","512 GB (1x 512 GB SSD)","","Small Form Factor","Grade A"
"DellRefurbished","Dell","Desktop","OptiPlex 3000 MFF","839","Intel Core i5-12500T (6-Core, 2.00 GHz)","16 GB","512 GB SSD","","Micro","Grade A"
"DellRefurbished","Dell","Desktop","OptiPlex 3000 SFF","839","1x Intel Core i5-12500 (6-Core, 3.00 GHz)","16 GB (1x 16GB)","512 GB (1x 512 GB SSD)","","Small Form Factor","Grade A"
"DellRefurbished","Dell","Desktop","OptiPlex 3000 MFF","839","1x Intel Core i5-12500T (6-Core, 2.00 GHz)","16 GB (1x 16GB)","512 GB (1x 512 GB SSD)","","Micro","Grade A"
"DellRefurbished","Dell","Desktop","OptiPlex 3000 SFF","839","1x Intel Core i5-12500 (6-Core, 3.00 GHz)","16 GB (1x 16GB)","512 GB (1x 512 GB SSD)","","Small Form Factor","Grade A"
"DellRefurbished","Dell","Desktop","OptiPlex 3000 MFF","839","Intel Core i5-12500T (6-Core, 2.00 GHz)","16 GB","512 GB SSD","","Micro","Grade A"
"DellRefurbished","Dell","Desktop","OptiPlex 3000 SFF","839","1x Intel Core i5-12500 (6-Core, 3.00 GHz)","16 GB (1x 16GB)","512 GB (1x 512 GB SSD)","","Small Form Factor","Grade A"
"DellRefurbished","Dell","Desktop","OptiPlex 3000 MFF","839","Intel Core i5-12500T (6-Core, 2.00 GHz)","16 GB","512 GB SSD","","Micro","Grade A"
"DellRefurbished","Dell","Desktop","OptiPlex 3000 SFF","839","1x Intel Core i5-12500 (6-Core, 3.00 GHz)","16 GB (1x 16GB)","512 GB (1x 512 GB SSD)","","Small Form Factor","Grade A"
"DellRefurbished","Dell","Desktop","OptiPlex 3000 MFF","839","Intel Core i5-12500T (6-Core, 2.00 GHz)","16 GB","512 GB SSD","","Micro","Grade A"
"SystemLiquidation","Dell","Desktop","OptiPlex 7090","845","Intel Core i7-10700 2.9GHz","64GB","2TB NVMe SSD","","Tower","Grade A"
"DiscountElectronics","Dell","Unknown","OptiPlex 7490","850","","","","","","N/A"
"DiscountElectronics","Lenovo","Laptop","ThinkPad X1 Carbon Gen 10","875","Core i7-1270P","","","UHD 4K","","N/A"
"DiscountElectronics","Dell","Unknown","OptiPlex XE4","875","","","","","","N/A"
"DiscountElectronics","Dell","Laptop","Latitude 9510","899","i7-10710U","16GB","","","","N/A"
"PCLiquidations","Dell","Desktop","Precision 3650","909.99","Intel Core i5-11600 6-Core (4.8GHz Boost) 65W TDP","16GB Dual Channel DDR4 3200MHz","256GB NVMe Gen3","","","N/A"
"PCLiquidations","Dell","Desktop","Precision 3650","909.99","Intel Core i5-11600 6-Core (4.8GHz Boost) 65W TDP","16GB Dual Channel DDR4 3200MHz","256GB NVMe Gen3","","","N/A"
"PCLiquidations","Dell","Desktop","Precision 3650","909.99","Intel Core i5-11600 6-Core (4.8GHz Boost) 65W TDP","16GB Dual Channel DDR4 3200MHz","256GB NVMe Gen3","","Tower","N/A"
"PCLiquidations","Dell","Desktop","Precision 3650","909.99","Intel Core i5-11600 6-Core (4.8GHz Boost) 65W TDP","16GB Dual Channel DDR4 3200MHz","256GB NVMe Gen3","","","N/A"
"PCLiquidations","Dell","Desktop","Precision 3650","909.99","Intel Core i5-11600 6-Core (4.8GHz Boost) 65W TDP","16GB Dual Channel DDR4 3200MHz","256GB NVMe Gen3","","Tower","N/A"
"DiscountElectronics","Dell","Laptop","Latitude 7440","950","i7-1365U","32GB","","QHD+","","N/A"
"DiscountElectronics","Dell","Laptop","Precision 7560","950","11th Gen i7","","","","","N/A"
"DiscountElectronics","Dell","Laptop","Precision 7740","950","Xeon","32GB","SSD","","","N/A"
"DiscountElectronics","Lenovo","Laptop","ThinkPad X1 Carbon Gen 11","995","Core i7","32GB","1TB","FHD+","","N/A"
"DiscountElectronics","Dell","Laptop","XPS 15 9510","1100","i7-11800H","","","","","N/A"
"DiscountElectronics","Dell","Laptop","Precision 7560","1190","Xeon W-1185M","32GB","","","","N/A"
"DiscountElectronics","Dell","Laptop","Latitude 7440","1275","13th Gen i7-1365U vPro","32GB","","QHD+","","N/A"
"DiscountElectronics","Dell","Laptop","Precision 7750","1650","i7","32GB","SSD","","","N/A"
"DiscountElectronics","Dell","Laptop","Precision 5750","1775","10th Gen i7-10850H","32GB","SSD","","","N/A"
"DiscountElectronics","HP","Unknown","EliteDesk 800 G4","1800","","","","","","N/A"
"DiscountElectronics","Dell","Laptop","Precision 5750","1850","i7-10750H","32GB","","","","N/A"
"DiscountElectronics","Dell","Unknown","Precision 5820 X-Series","2150","","","","","","N/A"
"DiscountElectronics","Dell","Unknown","Precision 5820 X-Series","2150","","","","","","N/A"
"DiscountElectronics","Dell","Laptop","XPS 17 9710","2250","11th Gen i9-11900H","","","","","N/A"
"DellRefurbished","Dell","Desktop","OptiPlex 3000 MFF","","1x Intel Core i5-12500 (6-Core, 3.00 GHz)","8 GB (1x 8GB)","256 GB (1x 256 GB SSD)","","Micro","Grade B"
"PCLiquidations","Dell","Laptop","Latitude 3500","","","","","","","N/A"
"PCLiquidations","Dell","Laptop","Latitude 3500","","Intel i5-8265U","","","","","N/A"
"PCLiquidations","Dell","Laptop","Latitude 3500","","","","","","","N/A"
"PCLiquidations","Dell","Laptop","Latitude 3500","","","","","","","N/A"